name,ac_1,ac_2,prop_1,prop_2,prop_diff_squared,similarity,smiles_1,smiles_2
CHEMBL218_EC50_fp,530,609,0.0,0.9396884343132532,0.883014353582093,0.38028169014084506,COC(=O)c1c(N)nc2ccccn12,O=C(Nc1cc2ccc(Nc3ccccc3)cc2cn1)C1CC1
CHEMBL218_EC50_fp,998,47,0.017880365289798496,0.9396884343132532,0.8497301161167502,0.33766233766233766,Cc1nnc(-c2ccccc2)c(C#N)n1,Cc1ccc(F)cc1-c1cc2cnc(NC(=O)C3CC3)cc2c(C#N)n1
CHEMBL218_EC50_fp,532,609,0.07582559684896653,0.9396884343132532,0.7462590019518487,0.36486486486486486,CC1=CN2CC(=O)NN=C2C=C1,Cc1ccc(F)cc1-c1cc2cnc(NC(=O)C3CC3)cc2c(N2CCNCC2)n1
CHEMBL218_EC50_fp,162,530,1.0,0.0,1.0,0.16455696202531644,CC(=O)c1ccccc1-c1ncnc2[nH]ccc12,O=C(Nc1cc2ccc(-c3cccc4[nH]cnc34)cc2cn1)C1CC1
CHEMBL218_EC50_fp,592,162,0.09040787992982993,1.0,0.827357824893747,0.16666666666666666,O=C1Cc2cc(-c3ccccc3)cnc2N1,O=C(Nc1cc2ccc(Nc3ccccc3)cc2cn1)C1CC1
CHEMBL218_EC50_fp,164,530,1.0,0.0,1.0,0.1527777777777778,NC(=O)c1cc2ccncc2s1,N#Cc1ccncc1-c1ccc2cc(NC(=O)C3CC3)ncc2c1
CHEMBL218_EC50_fp,165,530,1.0,0.0,1.0,0.2028985507246377,Nc1n[nH]c2ncc(Br)cc12,Nc1ccc(-c2ccc3cc(NC(=O)C4CC4)ncc3c2)cn1
CHEMBL218_EC50_fp,163,530,1.0,0.0,1.0,0.14285714285714285,N#Cc1cnc2c(Br)cnn2c1N,N#Cc1ccncc1-c1ccc2cc(NC(=O)C3CC3)ncc2c1
CHEMBL218_EC50_fp,161,530,0.995754709427232,0.0,0.9915274413465112,0.16666666666666666,CC(=O)Nc1cc2ccccn2n1,O=C(Nc1cc2ccc(Nc3ccccc3)cc2cn1)C1CC1
CHEMBL218_EC50_fp,160,530,0.9917069471951966,0.0,0.9834826691152164,0.2153846153846154,Clc1cc2nnc(-c3ccccc3)n2cn1,Cc1c(Cl)cccc1-c1ccc2cc(NC(=O)C3CC3)ncc2c1
CHEMBL264_Ki_fp,2181,1486,0.0,1.0,1.0,0.18309859154929578,CC[C@H](C)[C@H](NC(=O)[C@H](CS)NC(=O)[C@H](CC1CCCCC1)NC(=O)[C@H](CC(C)C)NC(=O)[C@H](CCC(=O)O)NC(=O)[C@H](CS)NC(=O)[C@H](Cc1ccccc1)NC(=O)[C@H](CCCNC(=N)N)NC(=O)[C@@H](N)CC(N)=O)C(=O)N[C@@H](CCC(N)=O)C(=O)NCC(=O)N[C@H](C(=O)NCC(=O)N[C@@H](CC(=O)O)C(=O)N[C@H](C(=O)N[C@@H](CCCCN)C(=O)N[C@@H](C)C(=O)N[C@@H](CS)C(=O)N[C@@H](CCC(=O)O)C(=O)N[C@@H](Cc1c[nH]c2ccccc12)C(=O)N[C@@H](C)C(=O)N[C@@H](CS)C(=O)N[C@@H](CCC(N)=O)C(=O)O)C(C)C)[C@@H](C)O,C[C@@]12C[C@@H](NS(=O)(=O)c3ccccc3F)[C@](C)(O1)[C@@H]1C(=O)N(c3ccc(C#N)c(C(F)(F)F)c3)C(=O)[C@@H]12
CHEMBL264_Ki_fp,1948,871,0.07390847356940626,0.9915999619010301,0.8421576677563107,0.2676056338028169,CC[C@H](C)[C@H](NC(=O)[C@H](CS)NC(=O)[C@H](CC(C)C)NC(=O)[C@H](CC(C)C)NC(=O)[C@H](CCC(=O)O)NC(=O)[C@H](CS)NC(=O)[C@H](CC(C)C)NC(=O)[C@H](CCCNC(=N)N)NC(=O)[C@@H](N)CC(N)=O)C(=O)N[C@@H](CCC(N)=O)C(=O)NCC(=O)N[C@H](C(=O)NCC(=O)N[C@@H](CC(=O)O)C(=O)N[C@H](C(=O)N[C@@H](CCCCN)C(=O)N[C@@H](C)C(=O)N[C@@H](CS)C(=O)N[C@@H](CCC(=O)O)C(=O)N[C@@H](Cc1c[nH]c2ccccc12)C(=O)N[C@@H](C)C(=O)N[C@@H](CS)C(=O)N[C@@H](CCC(N)=O)C(=O)O)C(C)C)[C@@H](C)O,C[C@@]12C[C@@H](NS(=O)(=O)c3ccccc3F)[C@](C)(O1)[C@@H]1C(=O)N(c3ccc(C#N)c(C(F)(F)F)c3)C(=O)[C@@H]12
CHEMBL264_Ki_fp,1164,101,0.0843794746473475,0.9878275646710005,0.8162184513673866,0.3181818181818182,CC(C)C[C@H](NC(=O)[C@H](CS)NC(=O)[C@H](CC(N)=O)NC(=O)[C@H](Cc1ccccc1)NC(=O)[C@H](CCCNC(=N)N)NC(=O)[C@H](CS)NC(=O)[C@H](C)N)C(=O)N[C@@H](Cc1ccccc1)C(=O)N[C@@H](CCC(=O)O)C(=O)NCC(=O)N[C@@H](CC(N)=O)C(=O)N[C@@H](CC(=O)O)C(=O)N[C@@H](CCC(=O)O)C(=O)N[C@@H](CCC(=O)O)C(=O)N[C@H](C(=O)N[C@@H](CS)C(=O)N[C@@H](CCCCN)C(=O)N[C@@H](CCC(=O)O)C(=O)N[C@@H](Cc1c[nH]c2ccccc12)C(=O)N[C@@H](CS)C(=O)O)[C@@H](C)O,C[C@@]12C[C@@H](NS(=O)(=O)c3ccccc3F)[C@](C)(O1)[C@@H]1C(=O)N(c3ccc(C#N)c(C(F)(F)F)c3)C(=O)[C@@H]12
CHEMBL264_Ki_fp,1947,2414,0.09564590173003042,1.0,0.8178563350576898,0.25862068965517243,CC[C@H](C)[C@H](NC(=O)[C@H](CS)NC(=O)[C@H](Cc1ccccc1)NC(=O)[C@H](CC(C)C)NC(=O)[C@H](CCC(=O)O)NC(=O)[C@H](CS)NC(=O)[C@H](CC1CCCCC1)NC(=O)[C@H](CCCNC(=N)N)NC(=O)[C@@H](N)CC(N)=O)C(=O)N[C@@H](CCC(N)=O)C(=O)NCC(=O)N[C@H](C(=O)NCC(=O)N[C@@H](CC(=O)O)C(=O)N[C@H](C(=O)N[C@@H](CCCCN)C(=O)N[C@@H](C)C(=O)N[C@@H](CS)C(=O)N[C@@H](CCC(=O)O)C(=O)N[C@@H](Cc1c[nH]c2ccccc12)C(=O)N[C@@H](C)C(=O)N[C@@H](CS)C(=O)N[C@@H](CCC(N)=O)C(=O)O)C(C)C)[C@@H](C)O,C[C@@]12C[C@@H](NS(=O)(=O)c3ccccc3F)[C@](C)(O1)[C@@H]1C(=O)N(c3ccc(C#N)c(C(F)(F)F)c3)C(=O)[C@@H]12
CHEMBL264_Ki_fp,1149,101,0.10270036113177322,0.9878275646710005,0.7834501664451728,0.3,CC[C@H](C)[C@H](NC(=O)[C@H](CS)NC(=O)[C@H](Cc1ccccc1)NC(=O)[C@H](CC(C)C)NC(=O)[C@H](CCC(=O)O)NC(=O)[C@H](CS)NC(=O)[C@H](Cc1ccccc1)NC(=O)[C@H](CC(C)C)NC(=O)[C@@H](N)CC(N)=O)C(=O)N[C@@H](CCC(N)=O)C(=O)NCC(=O)N[C@H](C(=O)NCC(=O)N[C@@H](CC(=O)O)C(=O)N[C@H](C(=O)N[C@@H](CCCCN)C(=O)N[C@@H](C)C(=O)N[C@@H](CS)C(=O)N[C@@H](CCC(=O)O)C(=O)N[C@@H](Cc1c[nH]c2ccccc12)C(=O)N[C@@H](C)C(=O)N[C@@H](CS)C(=O)N[C@@H](CCC(N)=O)C(=O)O)C(C)C)[C@@H](C)O,C[C@@]12C[C@@H](NS(=O)(=O)c3ccccc3F)[C@](C)(O1)[C@@H]1C(=O)N(c3ccc(C#N)c(C(F)(F)F)c3)C(=O)[C@@H]12
CHEMBL264_Ki_fp,434,828,0.1070845762363256,0.9907141886892895,0.7808012920037751,0.21052631578947367,CC12CC(C)(C(=O)Nc3nncs3)C(c3ccccc31)c1ccccc12,C[C@@]12C[C@@H](NS(=O)(=O)c3ccccc3F)[C@](C)(O1)[C@@H]1C(=O)N(c3ccc(C#N)c(C(F)(F)F)c3)C(=O)[C@@H]12
CHEMBL264_Ki_fp,2465,1179,0.12716907129155508,0.995350897880055,0.7537396840185436,0.24390243902439024,C[C@@]12C[C@@H](NS(=O)(=O)c3ccccc3F)[C@](C)(O1)[C@@H]1C(=O)N(c3ccc(C#N)c(C(F)(F)F)c3)C(=O)[C@@H]12,CC[C@H](C)[C@H](NC(=O)[C@H](CS)NC(=O)[C@H](CC1CCCCC1)NC(=O)[C@H](CC(C)C)NC(=O)[C@H](CCC(=O)O)NC(=O)[C@H](CS)NC(=O)[C@H](Cc1ccccc1)NC(=O)[C@H](CCCNC(=N)N)NC(=O)[C@@H](N)CC(N)=O)C(=O)N[C@@H](CCC(N)=O)C(=O)NCC(=O)N[C@H](C(=O)NCC(=O)N[C@@H](CC(=O)O)C(=O)N[C@H](C(=O)N[C@@H](CCCCN)C(=O)N[C@@H](C)C(=O)N[C@@H](CS)C(=O)N[C@@H](CCC(=O)O)C(=O)N[C@@H](Cc1c[nH]c2ccccc12)C(=O)N[C@@H](C)C(=O)N[C@@H](CS)C(=O)N[C@@H](CCC(N)=O)C(=O)O)C(C)C)[C@@H](C)O
CHEMBL264_Ki_fp,1154,101,0.138435498374238,0.9878275646710005,0.721466882287884,0.29577464788732394,COC(=O)[C@@H]1CC2=CC(=O)CC[C@]2(C)C2C1C1CC[C@@]3(CCC(=O)O3)[C@@]1(C)[C@H]1O[C@@H]21,C[C@]12CC[C@H]3[C@@H](CC[C@H]4CC(=O)CC[C@@]43C)[C@@H]1CC[C@@H]2O
CHEMBL264_Ki_fp,1951,1108,0.13694587937472552,1.0,0.7448624151282658,0.18823529411764706,CC12CCC(C)(O1)[C@@H]1C(=O)N(c3ccc(C#N)c(I)c3)C(=O)[C@@H]12,CC[C@H](C)[C@H](NC(=O)[C@H](CS)NC(=O)[C@H](CC1CCCCC1)NC(=O)[C@H](CC(C)C)NC(=O)[C@H](CCC(=O)O)NC(=O)[C@H](CS)NC(=O)[C@H](Cc1ccccc1)NC(=O)[C@H](CCCNC(=N)N)NC(=O)[C@@H](N)CC(N)=O)C(=O)N[C@@H](CCC(N)=O)C(=O)NCC(=O)N[C@H](C(=O)NCC(=O)N[C@@H](CC(=O)O)C(=O)N[C@H](C(=O)N[C@@H](CCCCN)C(=O)N[C@@H](C)C(=O)N[C@@H](CS)C(=O)N[C@@H](CCC(=O)O)C(=O)N[C@@H](Cc1c[nH]c2ccccc12)C(=O)N[C@@H](C)C(=O)N[C@@H](CS)C(=O)N[C@@H](CCC(N)=O)C(=O)O)C(C)C)[C@@H](C)O
CHEMBL264_Ki_fp,1950,897,0.14963366649439425,1.0,0.7231229011597671,0.20481927710843373,C=C[C@@](O)(c1nc2cc(Cl)c(Cl)cc2[nH]1)C(F)(F)F,CC[C@H](C)[C@H](NC(=O)[C@H](CS)NC(=O)[C@H](CC1CCCCC1)NC(=O)[C@H](CC(C)C)NC(=O)[C@H](CCC(=O)O)NC(=O)[C@H](CS)NC(=O)[C@H](Cc1ccccc1)NC(=O)[C@H](CCCNC(=N)N)NC(=O)[C@@H](N)CC(N)=O)C(=O)N[C@@H](CCC(N)=O)C(=O)NCC(=O)N[C@H](C(=O)NCC(=O)N[C@@H](CC(=O)O)C(=O)N[C@H](C(=O)N[C@@H](CCCCN)C(=O)N[C@@H](C)C(=O)N[C@@H](CS)C(=O)N[C@@H](CCC(=O)O)C(=O)N[C@@H](Cc1c[nH]c2ccccc12)C(=O)N[C@@H](C)C(=O)N[C@@H](CS)C(=O)N[C@@H](CCC(N)=O)C(=O)O)C(C)C)[C@@H](C)O
CHEMBL2971_Ki_fp,166,513,0.0,0.9908485018878651,0.9817807536934264,0.2112676056338028,C[C@]12CC[C@@H]3c4ccc(O)cc4CC[C@H]3[C@@H]1CC[C@@H]2O,C[C@H]1c2c(F)c(-c3cccc4cc[nH]c34)c(F)c(Cl)c2NC(C)(C)[C@@H]1O
CHEMBL2971_Ki_fp,78,384,0.0,0.991721462968355,0.9835114601120942,0.21428571428571427,C[C@]12CC[C@@H]3c4ccc(O)cc4CC[C@H]3[C@@H]1C[C@@H](O)[C@@H]2O,C[C@H]1c2c(F)c(-c3cccc4cc[nH]c34)c(F)c(Cl)c2NC(C)(C)[C@@H]1O
CHEMBL2971_Ki_fp,188,503,0.0,1.0,1.0,0.1518987341772152,CC(C)C[C@H]1COc2cc(F)ccc2N1C(=O)c1ccc2c(c1)NC(=O)CC2,CC(C)Cc1cc2c(cc1Cl)OC[C@H](CC(N)=O)N2C(=O)c1ccc2c(c1)NC(=O)CO2
CHEMBL2971_Ki_fp,212,39,0.0,1.0,1.0,0.19117647058823528,O=c1cc(C(F)(F)F)c2cc3c(cc2[nH]1)OCCN3CC(F)(F)F,CC(C)Cc1cc2c(cc1Cl)OC[C@H](CC(N)=O)N2C(=O)c1ccc2c(c1)NC(=O)CO2
CHEMBL2971_Ki_fp,105,39,0.0,1.0,1.0,0.1388888888888889,O=c1cc(C(F)(F)F)c2cc3c(cc2[nH]1)OCCN3CC1CC1,CC(C)Cc1cc2c(cc1Cl)OC[C@H](CC(N)=O)N2C(=O)c1ccc2c(c1)NC(=O)CO2
CHEMBL2971_Ki_fp,169,345,0.020000003797061225,1.0,0.9603999925577602,0.2222222222222222,C=C1C=C(C)CC(C)(C)C1(O)Cc1ccc([N+](=O)[O-])cc1,CC12CC(C)(C(=O)Nc3nccs3)C(c3ccccc31)c1ccccc12
CHEMBL2971_Ki_fp,164,341,0.020000003797061225,1.0,0.9603999925577602,0.20512820512820512,CC1COc2cc3[nH]c(=O)cc(C(F)(F)F)c3cc2N1CC(F)(F)F,CC(C)Cc1cc2c(cc1Cl)OC[C@H](CC(N)=O)N2C(=O)c1ccc2c(c1)NC(=O)CO2
CHEMBL2971_Ki_fp,111,67,0.020000003797061225,0.9799969125098784,0.9215940647381653,0.16417910447761194,C[C@@H]1CC[C@H]([C@@H](O)C(F)(F)F)N1c1ccc2[nH]c(=O)cc(C(F)(F)F)c2c1,C[C@@](O)(c1cccc(C#N)c1)[C@H]1CCCC2=Cc3c(-c4ccc(F)cc4)ncn3C[C@@]21C
CHEMBL2971_Ki_fp,277,503,0.020000003797061225,1.0,0.9603999925577602,0.1728395061728395,C=C1C=C(C)CC(C)(C)C1Cc1ccc2nonc2c1,C=CCC1Oc2ccc(O)c(OC)c2-c2ccc3c(c21)C(C)=CC(C)(C)N3
CHEMBL2971_Ki_fp,181,473,0.020000003797061225,1.0,0.9603999925577602,0.15151515151515152,C=C1C=C(C)CC(C)(C)C1Sc1ccc([N+](=O)[O-])cc1,C=CCC1Oc2ccc(O)c(OC)c2-c2ccc3c(c21)C(C)=CC(C)(C)N3
CHEMBL238_Ki_fp,259,1005,0.0,0.9870387427943842,0.9742454797771183,0.23529411764705882,Cc1ccc2nc(-c3cc(Cl)ccn3)c(NCc3ccccc3)n2c1,C[C@H](CCC(=O)O)[C@H]1CC[C@H]2[C@H]3[C@H](C[C@H](O)[C@@]21C)[C@@]1(C)CC[C@@H](O[C@@H]2O[C@H](CO)[C@@H](O)[C@H](O)[C@H]2O)C[C@H]1C[C@H]3O
CHEMBL238_Ki_fp,226,807,0.028404272618277885,0.9878384893447685,0.9205140162255742,0.18181818181818182,Cc1cc(C(=O)O)cc2sc(N3C4CCC3CC(OCc3c(-c5ccccc5OC(F)(F)F)noc3C3CC3)C4)nc12,C[C@H](CCC(=O)O)[C@H]1CC[C@H]2[C@H]3[C@H](C[C@H](O)[C@@]21C)[C@@]1(C)CC[C@@H](O[C@@H]2O[C@H](CO)[C@@H](O)[C@H](O)[C@H]2O)C[C@H]1C[C@H]3O
CHEMBL238_Ki_fp,391,444,0.029585171803949425,1.0,0.9417049387827703,0.2413793103448276,O=C(O)c1ccc2nc(N3C4CCC3CC(OCc3c(-c5ccccc5OC(F)(F)F)noc3C3CC3)C4)sc2c1,C[C@H](CCC(=O)O)[C@H]1CC[C@H]2[C@H]3[C@H](C[C@H](O)[C@@]21C)[C@@]1(C)CC[C@@H](O[C@@H]2O[C@H](CO)[C@@H](O)[C@H](O)[C@H]2O)C[C@H]1C[C@H]3O
CHEMBL238_Ki_fp,260,28,0.04216659338146202,0.9957392410382933,0.9093007943592593,0.21666666666666667,O=C(O)c1cc(F)c2nc(N3C4CCC3CC(OCc3c(-c5ccccc5OC(F)F)noc3C3CC3)C4)sc2c1,C[C@H](CCC(=O)O)[C@H]1CC[C@H]2[C@H]3[C@H](C[C@H](O)[C@@]21C)[C@@]1(C)CC[C@@H](O[C@@H]2O[C@H](CO)[C@@H](O)[C@H](O)[C@H]2O)C[C@H]1C[C@H]3O
CHEMBL238_Ki_fp,227,807,0.04523105643275982,0.9878384893447685,0.8885087725809667,0.2328767123287671,COc1cc(C(=O)O)cc2sc(N3C4CCC3CC(OCc3c(-c5ccccc5OC(F)(F)F)noc3C3CC3)C4)nc12,C[C@H](CCC(=O)O)[C@H]1CC[C@H]2[C@H]3[C@H](C[C@H](O)[C@@]21C)[C@@]1(C)CC[C@@H](O[C@@H]2O[C@H](CO)[C@@H](O)[C@H](O)[C@H]2O)C[C@H]1C[C@H]3O
CHEMBL238_Ki_fp,498,259,1.0,0.0,1.0,0.14285714285714285,O=C(O)c1cc(F)c2nc(N3C4CCC3CC(OCc3c(-c5ccccc5C(F)(F)F)noc3C3CC3)C4)sc2c1,C[C@H](CCC(=O)O)[C@H]1CC[C@H]2[C@H]3[C@H](C[C@H](O)[C@@]21C)[C@@]1(C)CC[C@@H](O[C@@H]2O[C@H](CO)[C@@H](O)[C@H](O)[C@H]2O)C[C@H]1C[C@H]3O
CHEMBL238_Ki_fp,784,85,0.05616091704738517,0.9907990520437648,0.8735484433895107,0.18292682926829268,CC(C)OC(=O)C1=CN(C(=O)c2cccc(F)c2)CC(C)(C)c2cc(C#N)[nH]c21,C[C@H](CCC(=O)O)[C@H]1CC[C@H]2[C@H]3[C@H](C[C@H](O)[C@@]21C)[C@@]1(C)CC[C@@H](O[C@@H]2O[C@H](CO)[C@@H](O)[C@H](O)[C@H]2O)C[C@H]1C[C@H]3O
CHEMBL238_Ki_fp,51,391,0.9991310551608853,0.029585171803949425,0.940019219934381,0.2054794520547945,CC(C)(C)c1ccc(C(=O)NCc2ccc(SC(F)(F)F)cc2)cc1,CC(C)(C)c1ccc(C(=O)NCc2ccc(CC(=O)O)cc2)cc1
CHEMBL238_Ki_fp,219,807,0.056892117375665296,0.9878384893447685,0.8666611474824355,0.1643835616438356,COc1ccc(CNc2c(-c3cc(Cl)ccn3)nc3ccc(Cl)cn23)cc1,C[C@H](CCC(=O)O)[C@H]1CC[C@H]2[C@H]3[C@H](C[C@H](O)[C@@]21C)[C@@]1(C)CC[C@@H](O[C@@H]2O[C@H](CO)[C@@H](O)[C@H](O)[C@H]2O)C[C@H]1C[C@H]3O
CHEMBL238_Ki_fp,444,391,1.0,0.029585171803949425,0.9417049387827703,0.2413793103448276,CC(C)c1onc(-c2c(Cl)cccc2Cl)c1COc1ccc(-c2nc3ccc(C(=O)O)cc3n2C)c(Cl)c1,CC(C)c1onc(-c2c(Cl)cccc2Cl)c1COc1cccc(C(=O)O)c1
CHEMBL228_Ki_fp,369,1600,0.0,0.978655803050389,0.9577671808442014,0.3392857142857143,COc1ccc(C(=O)Nc2ccccn2)cc1,COc1ccc(C#N)c(CNC(=O)Cn2c(Cl)cnc(NCCc3ccccn3)c2=O)c1
CHEMBL228_Ki_fp,314,455,0.010365238937961738,0.99148880583322,0.962603453517274,0.2222222222222222,NC(=O)c1ccc(Cl)s1,C/C(=C\S(=O)(=O)N[C@H]1CCN([C@@H](C)C(=O)N2CCOCC2)C1=O)c1ccc(Cl)s1
CHEMBL228_Ki_fp,121,105,0.011889402292453208,0.99148880583322,0.9596149914174261,0.48148148148148145,N=C(N)c1cccc(CNC(=O)c2cc3cc(N)ccc3n2Cc2cccc(C(=N)N)c2)c1,N=C(N)c1ccc(CNC(=O)[C@@H]2CCCN2C(=O)[C@@H](CCCCN)NS(=O)(=O)Cc2ccccc2)cc1
CHEMBL228_Ki_fp,671,1655,0.029187704684859112,0.9982316263983954,0.93904612220995,0.24,NCc1ccc(C[C@H](NS(=O)(=O)c2ccc3ccccc3c2)C(=O)NCc2ccccc2)cc1,NCc1ccc(C[C@H](NS(=O)(=O)c2ccc3ccccc3c2)C(=O)N2CCCCC2)cc1
CHEMBL228_Ki_fp,542,1592,0.03379435429470272,1.0,0.9335533497927907,0.2608695652173913,N=C(N)c1cccc(C(=N)Nc2cccc3ccccc23)c1,N=C(N)c1ccc(CNC(=O)[C@@H]2CCCN2C(=O)[C@@H](CCCCN)NS(=O)(=O)Cc2ccccc2)cc1
CHEMBL228_Ki_fp,342,1418,0.03743975631105003,1.0,0.926522222730531,0.13333333333333333,Nc1[nH]ccc2nc(-c3cccc(-c4cccc(CNC(=O)[C@@H](O)Cc5ccccc5)c4)c3O)cc1-2,N[C@H](Cc1ccccc1)C(=O)N1CCC[C@H]1CC(=O)NCc1ccccc1-n1cncn1
CHEMBL228_Ki_fp,1473,88,0.039891651271028075,0.9765708846432594,0.8773679862307904,0.22058823529411764,O=C(NCc1cccc(-c2cccc(-c3cc4c[nH]ccc-4n3)c2O)c1)[C@@H](O)Cc1ccccc1,N[C@H](Cc1ccccc1)C(=O)N1CCC[C@H]1CC(=O)NCc1ccccc1-n1cncn1
CHEMBL228_Ki_fp,6,696,0.06564540848975696,1.0,0.8730185026762733,0.14545454545454545,N=C(N)c1ccc(CC(=O)N2CCN(C(=O)O[C@H]3CCC[C@@H](OC(=O)N4CCN(C(=O)NCCC5CCNCC5)CC4)CCC3)CC2)cc1,N=C(N)c1ccc(CNC(=O)[C@@H]2CCCN2C(=O)[C@@H](CCCCN)NS(=O)(=O)Cc2ccccc2)cc1
CHEMBL228_Ki_fp,364,1124,0.07364776966332816,1.0,0.8581284546497262,0.171875,O=C(NCc1cccc(Cl)c1)[C@@H]1CCCN1C(=O)CCC1CCCC1,NCc1ccc(Cl)cc1CNC(=O)[C@@H]1CCCN1C(=O)CNS(=O)(=O)Cc1ccccc1
CHEMBL228_Ki_fp,109,105,0.07448890569723193,0.99148880583322,0.8408888168494121,0.48214285714285715,N=C(N)c1ccc2[nH]c(-c3cccc(-c4cc(CNC(N)=O)ccc4O)c3O)nc2c1,N=C(N)c1ccc2[nH]c(-c3cc(Cl)cc(-c4cccc(N)c4)c3O)nc2c1
CHEMBL219_Ki_fp,894,362,0.0,0.964893685191662,0.931019823722746,0.26666666666666666,Nc1cc2nc(-c3ccccc3)cn2cn1,Cn1ncc(NC(=O)c2nc(-c3ccccc3)ccc2N)c1N1CCC(N)CC1
CHEMBL219_Ki_fp,1830,863,0.07265701667645166,0.9804389848047581,0.8240681016589014,0.4032258064516129,O=C(O)c1csc2c1NCCNC2=O,Cn1ccc(-c2cc3c(-c4cccc(N5CCNCC5)n4)n[nH]c3cn2)cc1=O
CHEMBL219_Ki_fp,1568,1728,0.08130254235617435,0.9979781890519289,0.8402942412450798,0.1595744680851064,CNC(=O)c1cc(-c2ccccc2)[nH]n1,Cn1ncc(NC(=O)c2nc(-c3ccccc3)ccc2N)c1N1CCC(N)CC1
CHEMBL219_Ki_fp,492,97,0.11959743034234054,0.9024880152566129,0.612917667947412,0.5769230769230769,CC(=O)c1ccccc1-c1ncnc2[nH]ccc12,COc1ncccc1-c1nc(C(=O)Nc2cnn(C)c2N2CCC[C@H](N)CC2)c(N)s1
CHEMBL219_Ki_fp,1531,1524,0.14108514127119753,0.9196769217667802,0.6062051606552818,0.5,O=C(Nc1ccccc1)Nc1ccccn1,COC1CCN(c2c(NC(=O)c3nc(-c4ccccn4)sc3N)cnn2C)CCC1N
CHEMBL219_Ki_fp,270,944,0.15419326159620841,0.999118976240928,0.7138994632678902,0.2891566265060241,c1ccc2c(c1)Cc1c[nH]nc1-2,Fc1ccccc1-c1n[nH]c2cnc(-c3cnccc3OCC3CCCNC3)cc12
CHEMBL219_Ki_fp,895,1550,0.15141013492056363,0.999118976240928,0.7186102796527145,0.25,c1ccc(C2Cc3cn[nH]c3C2)cc1,NCC1CCN(c2cncc(-c3n[nH]c4cnc(-c5cccnc5)cc34)c2)CC1
CHEMBL219_Ki_fp,1583,1728,0.15224175254657243,0.9979781890519289,0.715270120032779,0.2222222222222222,O=C1NS(=O)(=O)c2ccc(Cl)cc21,O=c1[nH]c(CNc2cccc(O)c2)nc2c1sc1ccc(Cl)cc12
CHEMBL219_Ki_fp,367,1550,0.15141013492056363,0.999118976240928,0.7186102796527145,0.2878787878787879,NC(=O)c1cc(-c2cccs2)n2nccc2n1,NC(=O)c1cc(Cl)c2c(Cl)c(C#CC3CNCCO3)n([C@H]3CCCNC3)c2n1
CHEMBL219_Ki_fp,1843,75,0.16374404515717517,0.98401748685157,0.6728485191491674,0.32558139534883723,Nc1ncnc2c1C(=O)Nc1ccccc1N2,Cn1ncc(NC(=O)c2nc(-c3c(F)cccc3F)sc2N)c1N1CCNCCC1=O
CHEMBL214_Ki_fp,1843,1658,0.005935927554605892,0.9678276827307959,0.9252357486759321,0.4,O=C1c2ccccc2C(=O)N1CCCCN1CCN(c2ccc3cc([N+](=O)[O-])ccc3n2)CC1,Nn1c(CCCCN2CCN(c3ccc4ccccc4n3)CC2)nc2c(c1=O)CCCC2
CHEMBL214_Ki_fp,1080,2310,0.0,0.9725088699476754,0.9457735021269044,0.1836734693877551,CNCC(O)c1ccc(O)cc1,N[C@@H](Cc1c[nH]c2ccc(O)cc12)C(=O)O
CHEMBL214_Ki_fp,2807,1934,0.016308958876722297,0.801172161132019,0.6160102462544388,0.6363636363636364,O=S(=O)(NC1CCN(CCOc2ccc(Br)cc2)CC1)c1ccccc1,O=S(=O)(NC1CCN(CCOc2ccccc2)C1)c1ccc(F)cc1
CHEMBL214_Ki_fp,2776,211,0.017346903146564313,0.9835016404375305,0.933454976389776,0.2857142857142857,O=C1Nc2ccccc2C12CCN(CCN1CCC(c3ccc(F)cc3)CC1)C2,O=C1CC2(CCCC2)CC(=O)N1CCN1CCN(c2ccccc2C2CC2)CC1
CHEMBL214_Ki_fp,2780,198,0.02415607917939618,0.9947272203328745,0.9420083400399654,0.2857142857142857,O=C(c1ccc(Cl)cc1)N1CCN(CCN2CCC3(C2)C(=O)Nc2ccccc23)CC1,O=C1CC2(CCCC2)CCN1CCN1CCN(c2ccccc2Cl)CC1
CHEMBL214_Ki_fp,2726,1412,0.0371226558821361,0.9895868832474572,0.9071881044106185,0.2361111111111111,CCC1(C)CC(CCNCc2ccccc2)(c2ccc(C)cc2)CCO1,CCOc1ccccc1OCCNCC1COC(c2ccccc2)(c2ccccc2)O1
CHEMBL214_Ki_fp,2806,1934,0.04505935365026685,0.801172161132019,0.5717065776379372,0.6363636363636364,O=S(=O)(NC1CCN(CCOc2ccc(Cl)cc2)CC1)c1ccccc1,O=S(=O)(NC1CCN(CCOc2ccccc2)C1)c1ccc(F)cc1
CHEMBL214_Ki_fp,1078,1666,0.050639883996972404,1.0,0.9012846298572823,0.2077922077922078,C[n+]1c2n(c(=O)c3ccccc31)CCc1c-2[nH]c2ccccc12,Cc1ccc2c(N3CCN(CCc4c(C)ccc5[nH]c(=O)ccc45)CC3)cccc2n1
CHEMBL214_Ki_fp,2727,1416,0.04865100285635044,0.9979422936108828,0.9011539547024067,0.24358974358974358,CCC1(C)CC(CCNCc2ccc(OC)c(OC)c2)(c2ccc(C)cc2)CCO1,COc1ccccc1OCCNCC1CSC(c2ccccc2)(c2ccccc2)O1
CHEMBL214_Ki_fp,1079,737,0.0612981237947724,1.0,0.8811612123912147,0.23076923076923078,CNc1ccccc1C(=O)N1CCc2c([nH]c3ccccc23)C1=O,CN1CCN(c2nccc3cc4c(cc23)N(C(=O)c2ccc(C#N)cc2)CC4)CC1
CHEMBL2047_EC50_fp,454,501,1.0,0.0,1.0,0.03636363636363636,CC(C)(C)c1cc(NC(=O)[C@@H]2CCCN2C2CCC2)no1,CC(C)(C)c1cc(NC(=O)[C@]2(C)CCCN2c2ccc(C(F)(F)F)cn2)no1
CHEMBL2047_EC50_fp,417,501,0.9983977194431952,0.0,0.996798006189373,0.12096774193548387,Cc1c(CCN2CCOCC2)c2cc(Cl)ccc2n1C(=O)c1cccc(Cl)c1Cl,O=C(c1cc2c(cc1F)OC(c1ccccc1F)(c1ccc(Cl)cc1Cl)O2)N1CCOCC1
CHEMBL2047_EC50_fp,416,501,0.9926789528879313,0.0,0.9854115035066797,0.11382113821138211,CC(C)(C)c1cc(NC(=O)[C@@H]2CCCN2C2CCOCC2)no1,CC(C)(C)c1cc(NC(=O)[C@]2(C)CCCN2c2ccc(C(F)(F)F)cn2)no1
CHEMBL2047_EC50_fp,419,501,0.9800316880512635,0.0,0.9604621095846093,0.12,COC(=O)c1cc(C(F)(F)F)cc(S(=O)(=O)N2CCN(C(=O)Cc3ccc(C(F)(F)F)cc3)CC2)c1,CC(C)(C)c1cc(NC(=O)[C@@H]2CCCN2C2CCC2)no1
CHEMBL2047_EC50_fp,418,501,0.9729791787674216,0.0,0.9466884823149263,0.11904761904761904,CCOc1ccc(Cc2nc3cc(C(=O)N(CC)CC)ccc3n2CCCN(C)CCCn2c(Cc3ccc(OCC)cc3)nc3cc(C(=O)N(CC)CC)ccc32)cc1,COC(=O)c1cc(C(F)(F)F)cc(S(=O)(=O)N2CCN(C(=O)Cc3ccc(C(F)(F)F)cc3)CC2)c1
CHEMBL2047_EC50_fp,420,501,0.97389130093098,0.0,0.9484642660290363,0.11290322580645161,O=C(Cc1ccc(C(F)(F)F)cc1)N1CCN(S(=O)(=O)c2cc(C(F)(F)F)cc(C(F)(F)F)c2)CC1,CC(C)(C)c1cc(NC(=O)[C@@H]2CCCN2C2CCC2)no1
CHEMBL2047_EC50_fp,170,501,0.9536398206047885,0.0,0.9094289074431335,0.12612612612612611,O=C(C1CCCCC1)N1CCN(S(=O)(=O)c2cc(C(F)(F)F)cc(C(F)(F)F)c2)CC1,CC(C)(C)c1cc(NC(=O)[C@@H]2CCCN2C2CCC2)no1
CHEMBL2047_EC50_fp,407,381,0.9536398206047885,0.2414130603141512,0.507266958074097,0.6190476190476191,O=C(Cc1ccc(C(F)(F)F)cc1)N1CCN(S(=O)(=O)c2cc(Br)cc(C(F)(F)F)c2)CC1,CC(C)(C)c1cc(NC(=O)[C@@H]2CCCN2C2CCC2)no1
CHEMBL2047_EC50_fp,452,501,0.9275311215357684,0.0,0.8603139814174007,0.036036036036036036,O=C(Cc1ccc(C(F)(F)F)cc1)N1CCN(S(=O)(=O)c2cc(C3CC3)cc(C(F)(F)F)c2)CC1,CC(C)(C)c1cc(NC(=O)[C@@H]2CCCN2C2CCC2)no1
CHEMBL2047_EC50_fp,612,590,0.9190463688616652,0.13919081206475117,0.6081746894670249,0.6716417910447762,Cc1cc(C)cc(S(=O)(=O)N2CCN(C(=O)C3CCCCC3)CC2)c1,CC(C)(C)c1cc(NC(=O)[C@@H]2CCCN2C2CCC2)no1
CHEMBL233_Ki_fp,1331,333,0.0,0.8393883777393858,0.7045728486839572,0.546875,CCCNC1CCn2ncc(C(=O)OC)c2C1,COc1ccccc1N1CCN(CCNC(=O)c2cnn3ccccc23)CC1
CHEMBL233_Ki_fp,749,240,0.0047306383192331205,1.0,0.9905611023004414,0.3559322033898305,O=C(CN1CCN(c2ccccn2)CC1)Nc1cncnc1,COc1ccccc1N1CCN(CC(=O)Nc2cccc(C)c2)CC1
CHEMBL233_Ki_fp,2389,1587,0.007837974518269106,0.9913755867370406,0.9673462346490029,0.34210526315789475,Cc1ncoc1-c1nnc(SCCCN2C[C@@H]3C[C@]3(c3ccc(C(F)(F)F)cc3F)C2)n1C,CCCCC1CCN(CCCN2C(=O)CCc3ccccc32)CC1
CHEMBL233_Ki_fp,1574,2003,0.022769624056632087,0.9955850829383734,0.9463699170392929,0.265625,O=C(c1cnn2ccccc12)N1CCN(c2ccc(Cl)cc2)CC1,Clc1ccc(N2CCN(Cc3cnn4ccccc34)CC2)cc1
CHEMBL233_Ki_fp,2384,1587,0.028466877902037065,0.9913755867370406,0.9271931815502937,0.2894736842105263,O=C(CCC(=O)N1CCC(O)(c2ccc(Cl)cc2)CC1)c1ccc(F)cc1,CCC(=O)OC1(c2ccc(Cl)cc2)CCN(CCCC(=O)c2ccc(F)cc2)CC1
CHEMBL233_Ki_fp,2865,373,0.02907861796021858,0.9964510019874443,0.9358093293785182,0.2345679012345679,COc1c(-c2nc(CNC[C@@H]3CCN(Cc4ccccc4)C3)co2)cc(Br)c2ccccc12,COc1ccccc1N1CCN(Cc2cn3cc(C)cc(Br)c3n2)CC1
CHEMBL233_Ki_fp,2500,1587,0.047673317497024734,0.9913755867370406,0.8905739729687556,0.26744186046511625,CCCN(CCC)C1CCn2ncc(CO)c2C1,CCCN(CCNC(=O)/N=N/c1ccc(F)cc1)C1Cc2ccccc2C1
CHEMBL233_Ki_fp,1085,209,0.05425637504864115,0.9236309627918827,0.7558121738137314,0.3974358974358974,Cn1c(SCCCN2CC3CCN(c4ccc(C(F)(F)F)cc4)C3C2)nnc1-c1cc[nH]c(=O)c1,CCCCC1CCN(CCCN2C(=O)CCc3ccccc32)CC1
CHEMBL233_Ki_fp,1332,329,0.05821217380471653,0.9135378235953122,0.7315819671897049,0.42028985507246375,CCCN(CCC)C1CC=C(C#Cc2ccccc2)CC1,CCCN(CCNC(=O)/N=N/c1ccc(F)cc1)C1Cc2ccccc2C1
CHEMBL233_Ki_fp,2407,1587,0.07276400923133097,0.9913755867370406,0.8438472303275286,0.225,CCc1cc(Cl)c(OC)c(N2CCN(CC(O)CCNC(=O)c3cc4ccccc4[nH]3)CC2)c1,COc1cccc(C(=O)NCCN2CCN(c3ccccc3OC)CC2)c1
CHEMBL4005_Ki_fp,529,713,0.0,1.0,1.0,0.17525773195876287,COC(=O)[C@@H]1CCCCC[C@@H]1c1ccc(-c2ccccc2)cc1,COC(=O)[C@H]1[C@@H](c2ccc([125I])cc2)CC2CC[C@H]1N2C
CHEMBL4005_Ki_fp,924,942,0.03858239659862701,0.9359851083721488,0.8053316270984707,0.4,COC(=O)C(c1ccccc1)C1CCCCN1,CN(C)Cc1cc(OCCO)ccc1Sc1ccccc1N
CHEMBL4005_Ki_fp,412,483,0.08618238369319772,0.9951339438163465,0.8261929386503062,0.23529411764705882,CNCC[C@H](Oc1ccc(O)c2ccccc12)c1cccs1,CNCCC(Oc1cccc2ccccc12)c1ccsc1
CHEMBL4005_Ki_fp,925,942,0.09430934906804699,0.9359851083721488,0.7084180838001365,0.4117647058823529,COc1ccc(CCN(C)CCN2CCCCC2)cc1,COCCOc1cc(CC2CCN(CCc3ccc4c(c3)C(=O)CCO4)CC2)ccc1Br
CHEMBL4005_Ki_fp,426,504,0.11010431442182096,0.9686025498508384,0.7370192202347363,0.33,O=C(OCCO)C1=C(c2ccc(Cl)c(Cl)c2)CCC1,CCOC(=O)NCCNC(CC(C)C)C1(c2ccc(Cl)c(Cl)c2)CCC1
CHEMBL4005_Ki_fp,288,142,0.116985274849854,1.0,0.7797150048319879,0.23711340206185566,C[n+]1ccc(-c2ccccc2)cc1,CN(C)Cc1cc(I)ccc1Sc1ccccc1N
CHEMBL4005_Ki_fp,26,69,0.1307108559831971,0.9664421541613875,0.6984468027546031,0.4782608695652174,COc1cc2c(cc1OC)CN(C)CC2,COc1cc2c(cc1OC)C1=NO[C@@H](CN3CCN(C/C=C/c4ccc(Cl)cc4)CC3)[C@@H]1CO2
CHEMBL4005_Ki_fp,1,145,0.13235939546529132,1.0,0.752800218637355,0.28378378378378377,c1ccc(C(c2ccccc2)c2ccccn2)cc1,c1ccc(CC2(c3ccc4[nH]ncc4c3)CCNC2)cc1
CHEMBL4005_Ki_fp,285,136,0.13574054529282675,1.0,0.7469444050507407,0.20408163265306123,COC(=O)C1=C(c2ccc(-c3ccccc3)cc2)CCCCC1,CC(C)(C)CCC1(C(=O)c2cc3ccccc3s2)CCNC1
CHEMBL4005_Ki_fp,410,504,0.13990150166528936,0.9686025498508384,0.6867454272638276,0.36363636363636365,CNCC[C@H](Oc1cccc2c(O)c(O)ccc12)c1cccs1,CNCCC(Oc1cccc2ccccc12)c1ccsc1
CHEMBL2835_Ki_fp,112,485,0.0,0.9939181360781026,0.9878732612249691,0.2441860465116279,CNCC(=O)N1CCN(CCCOc2ccc(C(=O)C3CC3)cc2)CC1,NC(=O)C1CCN(CCCN2c3ccccc3Sc3ccc(Cl)cc32)CC1
CHEMBL2835_Ki_fp,131,0,0.03240448666976365,0.9577089266874552,0.8561883067164535,0.34782608695652173,N[C@H](Cc1nccs1)C(=O)N1CCN(CCCOc2ccc(C(=O)C3CC3)cc2)CC1,O=C(CCN1CCN(Cc2ccccc2)CC1)Nc1nccs1
CHEMBL2835_Ki_fp,132,156,0.04302983178369456,0.917813295473652,0.7652461083453984,0.3918918918918919,N[C@H](Cc1c[nH]cn1)C(=O)N1CCN(CCCOc2ccc(C(=O)C3CC3)cc2)CC1,c1ccc(OCCn2c(C3CCCNC3)nc3ccccc32)cc1
CHEMBL2835_Ki_fp,113,202,0.046794286088144954,0.9942149331067814,0.8976058823972112,0.17204301075268819,O=C(c1ccc(OCCCN2CCN(C(=O)C[C@H]3CCCN3)CC2)cc1)C1CC1,c1ccc(OCCn2c(C3CCCNC3)nc3ccccc32)cc1
CHEMBL2835_Ki_fp,114,343,0.054701905774270775,0.98484275226453,0.8651619943096157,0.22826086956521738,Cn1cnc(S(=O)(=O)N[C@H]2CCN(CCCOc3ccc(C(=O)C4CC4)cc3)C2)c1,CN1CCCC(c2nc3ccccc3n2CCOc2ccccc2)C1
CHEMBL2835_Ki_fp,133,92,0.058862695883001574,0.9886990385222323,0.8645956240927007,0.25806451612903225,CC(C)N[C@H](C)C(=O)N1CCN(CCCOc2ccc(C(=O)C3CC3)cc2)CC1,NC(=O)C1CCN(CCCN2c3ccccc3Sc3ccc(Cl)cc32)CC1
CHEMBL2835_Ki_fp,115,343,0.06764970415666229,0.98484275226453,0.8412430874974012,0.23404255319148937,CCC[C@@H](N)C(=O)N1CCN(CCCOc2ccc(C(=O)C3CC3)cc2)CC1,NC(=O)C1CCN(CCCN2c3ccccc3Sc3ccc(Cl)cc32)CC1
CHEMBL2835_Ki_fp,116,202,0.07714039610427943,0.9942149331067814,0.8410257064183535,0.22448979591836735,CC(C)(C)OC(=O)N1CCC[C@@H]1C(=O)N1CCN(CCCOc2ccc(C(=O)C3CC3)cc2)CC1,NC(=O)C1CCN(CCCN2c3ccccc3Sc3ccc(Cl)cc32)CC1
CHEMBL2835_Ki_fp,117,202,0.08745736561903733,0.9942149331067814,0.822209286196291,0.17204301075268819,CCCCCC(=O)c1ccc(OCCCN2CCN(C(=O)[C@H](N)CO)CC2)cc1,CC(C)(C)c1ccc(C(=O)CCCN2CCC(OC(c3ccccc3)c3ccccc3)CC2)cc1
CHEMBL2835_Ki_fp,118,485,0.09297326020358644,0.9939181360781026,0.811701669364547,0.2619047619047619,N#CC[C@@H](N)C(=O)N1CCN(CCCOc2ccc(C(=O)C3CC3)cc2)CC1,NC(=O)C1CCN(CCCN2c3ccccc3Sc3ccc(Cl)cc32)CC1
CHEMBL287_Ki_fp,419,606,0.0,0.9755827893985126,0.9517617789705822,0.42424242424242425,C=CCN1CN(c2ccccc2)C2(CCN(C(c3ccccc3)c3ccccc3)CC2)C1=O,C=CCN1CN(c2ccccc2)C2(CCN(C3CCc4c(Cl)ccc(Cl)c4C3)CC2)C1=O
CHEMBL287_Ki_fp,1105,1118,0.007249069299918865,0.7955129470376843,0.6213599409461787,0.84,COC(=O)C(c1ccccc1)N1CCC(O)(c2ccccc2)CC1,OC1(c2cccc(C(F)(F)F)c2)CCN(CCC(c2ccccc2)c2ccccc2)CC1
CHEMBL287_Ki_fp,1137,1292,0.017871695589480204,0.9911298562802702,0.9472314473512198,0.2857142857142857,CCCC1(N2CCC(n3c(=O)c(C(=O)O)nc4ccccc43)CC2)CCCCCCC1,CNC(=O)CN1N=C(c2ccccc2)C2(CCN(C3CCCCCCCCC3)CC2)C1=O
CHEMBL287_Ki_fp,697,714,0.02465821048188134,1.0,0.9512916063804061,0.2125,O=C(C1=CCCN2CCC[C@@H]12)c1ccccc1O,CCC1C(=O)N(C2CCN(C3CCCc4ccccc43)CC2)c2ccccc21
CHEMBL287_Ki_fp,1125,1115,0.03247790045547748,0.741966068131865,0.5033734600727978,0.9148936170212766,O=C(O)c1nc2ccccc2n([C@H]2C[C@H]3COC[C@@H](C2)N3C2CCCCCCC2)c1=O,CNC(=O)CN1N=C(c2ccccc2)C2(CCN(C3CCCCCCCCC3)CC2)C1=O
CHEMBL287_Ki_fp,1130,1292,0.05473107851897895,0.9911298562802702,0.8768426709928401,0.21621621621621623,NC(=O)[C@H](NC1CCN(Cc2ccccn2)CC1)c1ccc(F)cc1,CCC(=O)N(CCCCCCNC(=N)N)C1CCN(CCc2ccccc2)CC1
CHEMBL287_Ki_fp,720,1054,0.051431649934790984,0.9911298562802702,0.883032719008911,0.19444444444444445,O=C(O)[C@@H]1CN(CCNc2nc3ccccc3n([C@@H]3C[C@@H]4CC[C@H](C3)N4C3CCCCCCC3)c2=O)C[C@H]1C(=O)O,CNC(=O)CN1N=C(c2ccccc2)C2(CCN(C3CCCCCCCCC3)CC2)C1=O
CHEMBL287_Ki_fp,1172,1292,0.06200715213219586,0.9911298562802702,0.86326899936343,0.21739130434782608,COC1=C[C@]23CCN(C)[C@H](Cc4ccc(OC)c(O)c42)C3=CC1=O,COc1ccc2c(c1O)[C@]13CCN(C)C(C2)[C@]12CCC(=O)[C@H]3/C(=C/c1ccccc1)C2
CHEMBL287_Ki_fp,510,5,0.07925669457066396,0.9763014498690309,0.8046892930083066,0.6170212765957447,CCCCN1CN(c2ccccc2)C2(CCN(C(c3ccccc3Cl)c3ccccc3Cl)CC2)C1=O,CN1CN(c2ccccc2)C2(CCN(C3CCc4c(Cl)ccc(Cl)c4C3)CC2)C1=O
CHEMBL287_Ki_fp,1078,1292,0.08812683829039367,0.9911298562802702,0.8154144504988253,0.24193548387096775,O=c1[nH]c2ccc(N3CCOCC3)cc2n(C2CCN(C3CCCCCCC3)CC2)c1=O,CNC(=O)CN1N=C(c2ccccc2)C2(CCN(C3CCCCCCCCC3)CC2)C1=O
CHEMBL231_Ki_fp,164,554,0.0,0.9875588382360575,0.9752724589781518,0.23684210526315788,Cn1c(SCCCN2CCNCC2)nnc1-c1ccccc1,Cc1cc(-c2ccc3c(c2)CCN(CCCSc2nnc(-c4ccccc4)n2C)CC3)no1
CHEMBL231_Ki_fp,154,918,0.0,0.9806179973983888,0.9616116568216263,0.2857142857142857,COc1ccccc1N1CCN(Cc2c(C)nc3cc(C)ncn23)CC1,COc1ccccc1N1CCN(CCCCNC(=O)c2ccc3ccccc3c2)CC1
CHEMBL231_Ki_fp,167,600,0.003999998728615685,1.0,0.9920160025325976,0.21428571428571427,O=C(c1cnn2ccccc12)N1CCN(c2ccc(Cl)cc2)CC1,CCOCCOCc1ccn2ncc(C(=O)NCCCCN3CCN(c4ccccc4OC)CC3)c2c1
CHEMBL231_Ki_fp,152,600,0.003999998728615685,1.0,0.9920160025325976,0.2597402597402597,Fc1ccc(N2CCN(Cc3cn4cccnc4n3)CC2)cc1,Clc1cccc(N2CCN(CCCCc3cn(-c4ccc5[nH]ccc5c4)nn3)CC2)c1Cl
CHEMBL231_Ki_fp,18,601,0.008191721535781344,0.9806179973983888,0.9456128619880201,0.24096385542168675,CC(C)OC(=O)C(C)(C)Oc1ccc(C(=O)c2ccc(Cl)cc2)cc1,CC(C)Oc1cc2c(cc1NS(=O)(=O)c1ccc(-c3ccc(Cl)cc3)cc1)CCN(C)CC2
CHEMBL231_Ki_fp,181,554,0.06600000766707564,0.9875588382360575,0.84927067819967,0.24358974358974358,Fc1ccc(N2CCN(Cc3cn4ccncc4n3)CC2)cc1,Clc1cccc(N2CCN(CCCCc3cn(-c4ccc5[nH]ccc5c4)nn3)CC2)c1Cl
CHEMBL231_Ki_fp,172,554,0.06600000766707564,0.9875588382360575,0.84927067819967,0.24050632911392406,NC(=O)C[S@+](O)C(c1ccccc1)c1ccccc1,CCc1cccc(N2CCN(CC(O)CCNC(=O)c3cc4ccccc4o3)CC2)c1Cl
CHEMBL231_Ki_fp,183,554,0.06600000766707564,0.9875588382360575,0.84927067819967,0.23809523809523808,CN1CCN(Cc2cnn3ccccc23)CC1,CCOCCOCc1ccn2ncc(C(=O)NCCCCN3CCN(c4ccccc4OC)CC3)c2c1
CHEMBL231_Ki_fp,165,537,0.06600000766707564,0.8966400591836752,0.6899628951834994,0.3611111111111111,N#Cc1ccc2cc(CN3CCN(c4ccc(Cl)c(Cl)c4)CC3)[nH]c2c1,Clc1cccc(N2CCN(CCCCc3cn(-c4ccc5[nH]ccc5c4)nn3)CC2)c1Cl
CHEMBL231_Ki_fp,178,554,0.06799999802655046,0.9875588382360575,0.845588460607454,0.24050632911392406,O=Cc1ccn(C2CCN(Cc3ccccc3)CC2)c1,CC(=O)N[C@H]1CC[C@H](CCN2CCC(c3coc4ccccc34)CC2)CC1
CHEMBL2034_Ki_fp,424,375,0.0,1.0,1.0,0.1917808219178082,CCO/N=C(\C)C(Cc1ccc(OCCc2nc(-c3ccccc3)oc2C)cc1)C(=O)O,Cc1ccc(N2CCN([C@@H](Cc3ccc(OCCc4nc(-c5ccccc5)oc4C)cc3)C(=O)O)CC2)cc1
CHEMBL2034_Ki_fp,435,375,0.005225860050557714,1.0,0.9895755895121526,0.1917808219178082,CCC(C(=O)O)C1CCc2cc(OCCc3nc(-c4cccc(OC)c4)oc3C)ccc21,Cc1oc(-c2ccccc2)nc1CCOc1ccc2c(c1)CCC2C(C(=O)O)c1ccccc1
CHEMBL2034_Ki_fp,737,746,0.04089177514049777,0.9766010966419463,0.8755519343447009,0.4634146341463415,Cc1oc(C2CCCCC2)nc1CCOc1ccc(C[C@H](Oc2ccccc2)C(=O)O)cc1,Cc1ccc(N2CCN([C@@H](Cc3ccc(OCCc4nc(-c5ccccc5)oc4C)cc3)C(=O)O)CC2)cc1
CHEMBL2034_Ki_fp,140,746,0.07275569792018814,0.9766010966419463,0.8169365047904941,0.16304347826086957,Cc1oc(-c2ccc(C(C)C)cc2)nc1CCOc1ccc2c(c1)CC[C@H]2CC(=O)O,Cc1ccc(N2CCN([C@@H](Cc3ccc(OCCc4nc(-c5ccccc5)oc4C)cc3)C(=O)O)CC2)cc1
CHEMBL2034_Ki_fp,139,746,0.07727173054741285,0.9766010966419463,0.8087933087199954,0.1702127659574468,Cc1ccc(-c2nc(CCOc3ccc(C[C@H](Nc4ccccc4C(=O)c4ccccc4)C(=O)O)cc3)c(C)o2)s1,Cc1oc(-c2ccccc2)nc1CCOc1ccc(CC(Nc2ccccc2C(=O)c2ccc(C(=O)O)cc2)C(=O)O)cc1
CHEMBL2034_Ki_fp,76,302,0.08066418573163354,1.0,0.8451783393964807,0.1527777777777778,COC(=O)C1Cc2ccc(OCCc3nc(-c4cccc(C)c4)oc3C)cc2OC1=O,Cc1ccc(N2CCN([C@@H](Cc3ccc(OCCc4nc(-c5ccccc5)oc4C)cc3)C(=O)O)CC2)cc1
CHEMBL2034_Ki_fp,138,746,0.08079557532898253,0.9766010966419463,0.8024675320147908,0.2222222222222222,COC(=O)C1Cc2ccc(OCCc3nc(-c4ccc(F)cc4)oc3C)cc2OC1=O,Cc1ccc(N2CCN([C@@H](Cc3ccc(OCCc4nc(-c5ccccc5)oc4C)cc3)C(=O)O)CC2)cc1
CHEMBL2034_Ki_fp,162,314,0.08321459451196475,1.0,0.8404954797158611,0.18947368421052632,COC(=O)C1Cc2ccc(OCCc3nc(-c4ccc(OC)cc4)oc3C)cc2OC1=O,Cc1ccc(N2CCN([C@@H](Cc3ccc(OCCc4nc(-c5ccccc5)oc4C)cc3)C(=O)O)CC2)cc1
CHEMBL2034_Ki_fp,78,35,0.08253144300311241,0.9947889087492787,0.8322136838096176,0.15853658536585366,CN(CCOc1ccc(C[C@H](OCC(F)(F)F)C(=O)O)cc1)c1nc2ccccc2o1,Cc1ccc(N2CCN([C@@H](Cc3ccc(OCCc4nc(-c5ccccc5)oc4C)cc3)C(=O)O)CC2)cc1
CHEMBL2034_Ki_fp,82,35,0.08426037916236662,0.9947889087492787,0.8290622031917039,0.1375,COC(=O)C1Cc2ccc(OCCc3nc(-c4ccc(C)cc4)oc3C)cc2OC1=O,Cc1ccc(N2CCN([C@@H](Cc3ccc(OCCc4nc(-c5ccccc5)oc4C)cc3)C(=O)O)CC2)cc1
CHEMBL237_EC50_fp,513,930,0.0,1.0,1.0,0.2967032967032967,NCc1ccccc1C1(O)CCN(CC2CCCCCC2)CC1,Oc1ccc2c(c1)[C@]13CCN(CC4CC4)C[C@@]1(C2)Cc1cc2ccccc2nc1C3
CHEMBL237_EC50_fp,793,930,0.02038598713840587,1.0,0.9596436141947955,0.30851063829787234,NC(=O)[C@H](CO)Nc1nc2ccccc2n(C2CCN(C3CCCCCCC3)CC2)c1=O,NC(=O)c1ccc2c(c1)[C@@]13CCCC[C@H]1[C@@H](C2)N(CC1CC1)CC3
CHEMBL237_EC50_fp,514,930,0.041247342680898746,1.0,0.9192066579164379,0.29213483146067415,C=C(C(N)=O)[C@@H](NC(=O)[C@H](Cc1c[nH]c2ccccc12)NC(=O)[C@@H]1CCCN1C(=O)[C@@H](N)Cc1ccc(O)cc1)c1cccc2ccccc12,CCCC[C@H](NC(=O)[C@H](Cc1ccccc1)NC(=O)CNC(=O)[C@@H](C)NC(=O)[C@@H](N)Cc1ccc(O)cc1)C(=O)N1CCC[C@H]1C(=O)N[C@@H](CC(C)C)C(=O)N[C@@H](Cc1c[nH]c2ccccc12)C(=O)NCc1cc(C(F)(F)F)cc(C(F)(F)F)c1
CHEMBL237_EC50_fp,261,628,0.04721220808212066,1.0,0.9078045764277479,0.21875,C=C(C(N)=O)[C@@H](NC(=O)[C@H](Cc1c[nH]c2ccccc12)NC(=O)[C@@H]1CCCN1C(=O)[C@@H](N)Cc1ccc(O)cc1)c1ccc2ccccc2c1,CCCC[C@H](NC(=O)[C@H](Cc1ccccc1)NC(=O)CNC(=O)[C@@H](C)NC(=O)[C@@H](N)Cc1ccc(O)cc1)C(=O)N1CCC[C@H]1C(=O)N[C@@H](CC(C)C)C(=O)N[C@@H](Cc1c[nH]c2ccccc12)C(=O)NCc1cc(C(F)(F)F)cc(C(F)(F)F)c1
CHEMBL237_EC50_fp,515,930,0.0640629745212679,1.0,0.8759781156619765,0.3068181818181818,O=c1c(NC(CO)CO)nc2ccccc2n1C1CCN(C2CCCCCCC2)CC1,CCNC(=O)c1ccc(C(=C2CC3CCC(C2)N3Cc2ccccc2Cl)c2ccc(O)cc2)cc1
CHEMBL237_EC50_fp,392,628,0.05937774780192198,1.0,0.8847702213301846,0.4305555555555556,CN(CC(O)CO)c1nc2ccccc2n(C2CCN(C3CCCCCCC3)CC2)c1=O,COc1cc(CC(=O)N(C)[C@H](CN2CC[C@H](O)C2)c2ccccc2)c(S(=O)(=O)N2CCCC2)cc1OC
CHEMBL237_EC50_fp,394,274,0.05902699468399363,0.9757514195234926,0.8403836710973098,0.24691358024691357,O=c1c(NCC(O)CO)nc2ccccc2n1C1CCN(C2CCCCCCC2)CC1,Oc1ccc2c(c1)[C@]13CCN(CC4CC4)C[C@@]1(C2)Cc1cc2ccccc2nc1C3
CHEMBL237_EC50_fp,401,628,0.0851499216971167,1.0,0.8369506657707916,0.17582417582417584,NC(=O)[C@@H]1CCCN1c1nc2ccccc2n(C2CCN(C3CCCCCCC3)CC2)c1=O,CC(C)C[C@H](NC(=O)[C@H](Cc1ccccc1)NC(=O)CNC(=O)[C@@H](C)NC(=O)[C@@H](N)Cc1ccc(O)cc1)C(=O)N[C@@H](CCCNC(=N)N)C(=O)N[C@@H](CCCCN)C(=O)N[C@@H](Cc1ccc(O)cc1)C(=O)N1CCC[C@H]1C(=O)N[C@@H](CCCCN)C(=O)O
CHEMBL237_EC50_fp,403,628,0.09391237421384428,1.0,0.8209947856027925,0.20238095238095238,CCC(=O)N(c1ccccc1)C1CCN(C(=O)[C@@H](N)Cc2cscn2)CC1,CCCC[C@@H](NC(=O)[C@@H](N)Cc1c(C)cc(O)cc1C)C(=O)N[C@@H](Cc1ccccc1)C(=O)N1CCC(N(C(=O)CC)c2ccccc2)CC1
CHEMBL237_EC50_fp,863,840,0.10195239911065307,0.9559848486283166,0.7293714248291403,0.5061728395061729,O=C1NCN(c2ccccc2)C12CCN(CC1CCCCC1)CC2,NC(=O)c1ccc2c(c1)[C@@]13CCCC[C@H]1[C@@H](C2)N(CC1CC1)CC3
CHEMBL4616_EC50_fp,287,561,0.0,1.0,1.0,0.24752475247524752,COc1ccc2c3c1O[C@H]1[C@@H](O)[C@H](OC)C[C@H]4[C@@H](C2)N(C)CC[C@]314,COc1ccc2c3c1O[C@@H]1[C@]34CCN(CC3CC3)[C@H](C2)[C@]42C=C[C@@]1(OC)[C@@H](C(=O)c1ccccc1)C2
CHEMBL4616_EC50_fp,282,575,0.046280656214111454,1.0,0.9095805867113862,0.23529411764705882,COCCOCCO[C@H]1C=CC2C3Cc4ccc(OC)c5c4[C@@]2(CCN3C)C1O5,COc1ccc2c3c1O[C@@H]1[C@]34CCN(CC3CC3)[C@H](C2)[C@]42C=C[C@@]1(OC)[C@@H](C(=O)c1ccccc1)C2
CHEMBL4616_EC50_fp,646,1,0.07824602510780698,0.9643075854362524,0.785105088691679,0.4722222222222222,COc1ccc2c3c1O[C@H]1[C@@H](OC)[C@H](C)C[C@H]4[C@@H](C2)N(C)CC[C@]314,COc1ccc2c3c1O[C@@H]1[C@]34CCN(CC3CC3)[C@H](C2)[C@]42C=C[C@@]1(OC)[C@@H](C(=O)c1ccccc1)C2
CHEMBL4616_EC50_fp,279,661,0.10784954721473573,0.9956148501269422,0.7881272330548011,0.2631578947368421,Cc1cc2ncc(=O)n(CC(=O)N3CCCC(c4ccccc4)C3CN3CCOCC3)c2cc1C,CSc1c[nH]c(C(=O)Nc2nc3ccccc3n2CCN2CCCC2)c1
CHEMBL4616_EC50_fp,119,162,0.1283815186655459,1.0,0.7597187770037801,0.42857142857142855,COc1ccc2c3c1O[C@H]1[C@@H](O)[C@H](C)C[C@H]4[C@@H](C2)N(C)CC[C@]314,COc1ccc2c3c1O[C@@H]1[C@]34CCN(CC3CC3)[C@H](C2)[C@]42C=C[C@@]1(OC)[C@@H](C(=O)c1ccccc1)C2
CHEMBL4616_EC50_fp,283,575,0.13122316524440739,1.0,0.7547731886079463,0.26804123711340205,CCN(CC)CCn1c(NC(=O)c2ccc(C(F)(F)F)cc2)nc2ccccc21,CSc1c[nH]c(C(=O)Nc2nc3ccccc3n2CCN2CCCC2)c1
CHEMBL4616_EC50_fp,286,661,0.13122316524440739,0.9956148501269422,0.7471729848940668,0.24742268041237114,O=C1C2ON(c3ccccc3)C(c3cccnc3)C2C(=O)N1c1ccc(Cl)c(Cl)c1,CN(CC(=O)N1CCN(c2ccccc2)CC1CN1CCCC1)c1ccc(Cl)c(Cl)c1
CHEMBL4616_EC50_fp,95,573,0.12863668810248316,1.0,0.7592740213210092,0.18584070796460178,CCCCN(Cc1cc2cc(OC)ccc2nc1O)C(=O)c1ccccn1,CSc1c[nH]c(C(=O)Nc2nc3ccccc3n2CCN2CCCC2)c1
CHEMBL4616_EC50_fp,121,162,0.15558341853159013,1.0,0.7130393630587961,0.4634146341463415,O=C(c1ccccn1)N(Cc1cc2ccccc2nc1O)C1CCCCC1,CSc1c[nH]c(C(=O)Nc2nc3ccccc3n2CCN2CCCC2)c1
CHEMBL4616_EC50_fp,216,162,0.18171920305768463,1.0,0.6695834626445509,0.45348837209302323,C[C@H](NC(=O)C[C@H]1C[C@@]2(O)[C@H]3Cc4ccc(O)cc4[C@@]2(CCN3C)CC1=O)C(=O)O,CC(C)CCC(=O)N[C@H]1C[C@@]2(O)[C@H]3Cc4ccc(O)cc4[C@@]2(CCN3CC2CC2)CC1=O
CHEMBL239_EC50_fp,1384,1492,1.0,0.0,1.0,0.2597402597402597,CCCCN1CN(c2ccccc2)C2(CCN(C(c3ccccc3Cl)c3ccccc3Cl)CC2)C1=O,CCCCNCCN1CN(c2ccccc2)C2(CCN(Cc3c(Cl)cccc3Cl)CC2)C1=O
CHEMBL239_EC50_fp,700,1492,1.0,0.0,1.0,0.2911392405063291,N#Cc1ccc(C2(O)CCN(C(c3ccccc3)c3ccccc3)CC2)cc1,CN(CC(=O)N(C)[C@H](CN1CC[C@H](O)C1)c1ccccc1)c1ccc(C#N)cc1
CHEMBL239_EC50_fp,698,1492,1.0,0.0,1.0,0.2682926829268293,COCCO[C@H]1C=CC2C3Cc4ccc(OC)c5c4[C@@]2(CCN3C)C1O5,C=CCN1CC[C@]23c4c5ccc(O)c4O[C@H]2[C@@H](O)C=C[C@H]3[C@H]1C5
CHEMBL239_EC50_fp,1041,1035,1.0,0.24909624502273917,0.5638564492389502,0.9272727272727272,CC(C)CCN1CN(c2ccccc2)C2(CCN(C(c3ccccc3Cl)c3ccccc3Cl)CC2)C1=O,CC(C)CNCCN1CN(c2ccccc2)C2(CCN(Cc3c(Cl)cccc3Cl)CC2)C1=O
CHEMBL239_EC50_fp,699,1492,1.0,0.0,1.0,0.23255813953488372,COCCOCCOCCO[C@H]1C=CC2C3Cc4ccc(OC)c5c4[C@@]2(CCN3C)C1O5,C=CCN1CC[C@]23c4c5ccc(O)c4O[C@H]2[C@@H](O)C=C[C@H]3[C@H]1C5
CHEMBL239_EC50_fp,980,1492,1.0,0.0,1.0,0.20512820512820512,CC(=O)N[C@@H](Cc1c[nH]c2ccccc12)C(=O)N[C@@H](Cc1ccccc1)C(=O)NCC(N)=O,CC[C@H](C)[C@H](NC(=O)[C@H](CCCN=C(N)N)NC(=O)[C@H](CCCN=C(N)N)NC(=O)[C@H](CC(C)C)NC(=O)[C@H](Cc1ccccc1)NC(=O)[C@@H]1CCCN1C(=O)CNC(=O)[C@@H](N)Cc1ccc(O)cc1)C(=O)N[C@@H](CCCN=C(N)N)C(=O)N[C@H](CCCN=C(N)N)C(=O)N[C@@H](CCCCN)C(N)=O
CHEMBL239_EC50_fp,372,1492,1.0,0.0,1.0,0.28378378378378377,OC1(C2CC2)CCN(C(c2ccccc2)c2ccccc2)CC1,O=C(O)C[C@H]1C[C@@]2(O)[C@H]3Cc4ccc(O)cc4[C@@]2(CCN3CC2CC2)CC1=O
CHEMBL239_EC50_fp,1004,813,0.9924455660236021,0.2981527956908249,0.48204245093636244,0.7719298245614035,COCCOCCO[C@H]1C=CC2C3Cc4ccc(OC)c5c4[C@@]2(CCN3C)C1O5,C=CCN1CC[C@]23c4c5ccc(O)c4O[C@H]2[C@@H](O)C=C[C@H]3[C@H]1C5
CHEMBL239_EC50_fp,128,1371,1.0,0.01586570949754597,0.9685203017427688,0.23943661971830985,CN(CCc1ccccc1)[C@H]1CCCC[C@@H]1OCCCc1ccccc1,CN(C(=O)Cc1cccc(N)c1)[C@H](CN1CCCC1)c1ccccc1
CHEMBL239_EC50_fp,1421,1439,0.9916450022219623,0.13634554771985546,0.7315371568716014,0.46153846153846156,CCCc1ccc(C2(O)CCN(C(c3ccccc3)c3ccccc3)CC2)cc1,CN(C(=O)Cc1ccc(N)cc1)[C@H](CN1CCCC1)c1ccccc1
CHEMBL4203_Ki_fp,532,240,1.0,0.0,1.0,0.171875,CCN(CC)C(=O)C1=C(c2ccc(Cl)c(Cl)c2)CCC1,CCOCCCCN[C@H](CC(C)C)C1(c2ccc(Cl)c(Cl)c2)CCC1
CHEMBL4203_Ki_fp,326,110,1.0,0.0,1.0,0.16666666666666666,COC(=O)C1=C(c2ccc([N+](=O)[O-])cc2)C2CCC1N2,COC(=O)[C@H]1[C@@H](c2ccc(C)cc2)C[C@@H]2CC[C@H]1N2C/C(I)=C/C(F)(F)F
CHEMBL4203_Ki_fp,421,84,1.0,0.0,1.0,0.20588235294117646,CNCCC1CCC(CCc2cc(F)ccc2OC)O1,Fc1ccc(Oc2cc(F)c(F)cc2C2CCNCC2)cc1
CHEMBL4203_Ki_fp,261,240,0.9795865856131801,0.0,0.9595898787132883,0.14864864864864866,O=C(C1=C(c2ccc(Cl)c(Cl)c2)CCC1)N1CCCC1,OC1(c2ccc(Cl)cc2)c2cc(Cl)c(Cl)cc2C2=NCCN21
CHEMBL4203_Ki_fp,632,84,0.9795865856131801,0.0,0.9595898787132883,0.19444444444444445,COC(=O)C1=C(c2ccc(C)c(F)c2)C2CCC1C2,COC(=O)[C@H]1[C@@H](c2ccc(C)cc2)C[C@@H]2CC[C@H]1N2C/C(I)=C/C(F)(F)F
CHEMBL4203_Ki_fp,240,532,0.0,1.0,1.0,0.171875,CN1C2CCC1[C@@H](C(=O)OCc1cn(CCCCCCOC(=O)[C@H]3C4CCC(C[C@@H]3c3ccc(Cl)cc3)N4C)nn1)[C@@H](c1ccc(Cl)cc1)C2,CCN(CC)C(=O)C1=C(c2ccc(Cl)c(Cl)c2)CCC1
CHEMBL4203_Ki_fp,110,326,0.0,1.0,1.0,0.16666666666666666,N[C@H]1[C@@H]2CN(c3nc4c(cc3F)c(=O)c(C(=O)O)cn4-c3ccc(F)cc3F)C[C@H]12,CC(C)OC(=O)C1C2CCC(C[C@@H]1c1ccc(Cl)cc1)CN2C
CHEMBL4203_Ki_fp,84,421,0.0,1.0,1.0,0.20588235294117646,Fc1ccc(C(OCCC2CCN(Cc3cc4ccccc4o3)CC2)c2ccc(F)cc2)cc1,CNCCC1CCC(CCc2cc(F)ccc2OC)O1
CHEMBL4203_Ki_fp,140,421,0.0,1.0,1.0,0.11842105263157894,COC(=O)C1=C(c2ccc(C(C)=O)cc2)CCC1,COC(=O)[C@H]1[C@@H](c2ccc(C)cc2)C[C@@H]2CC[C@H]1N2C/C(I)=C/C(F)(F)F
CHEMBL4203_Ki_fp,510,240,0.9591777005451442,0.0,0.9200218612230703,0.23076923076923078,Fc1ccc(Oc2cc(F)c(F)cc2C2CCNCC2)cc1,CNCCC1CCC(CCc2cc(F)ccc2OC)O1
CHEMBL262_Ki_fp,806,533,1.0,0.0,1.0,0.10526315789473684,Cc1oc(C2CCCCC2)nc1CCOc1ccc(C[C@H](Oc2ccccc2)C(=O)O)cc1,CC(C)(CCCOc1ccc(/C=C/c2ccc3ccccc3c2)cc1)C(=O)O
CHEMBL262_Ki_fp,533,806,0.0,1.0,1.0,0.10526315789473684,CCC(Oc1cccc(CN(CCCOc2ccc(C)cc2)c2nc3ccccc3o2)c1)C(=O)O,CC(C)(CCCOc1ccc(/C=C/c2ccc3ccccc3c2)cc1)C(=O)O
CHEMBL262_Ki_fp,828,471,0.992587953620829,0.020017478276526182,0.9458933295114434,0.13953488372093023,CCC(Oc1cccc(CN(CCCOc2ccc(C)c(C)c2)c2nc3ccccc3o2)c1)C(=O)O,CC(C)(CCCOc1ccc(/C=C/c2ccc3ccccc3c2)cc1)C(=O)O
CHEMBL262_Ki_fp,128,479,0.9814747866886501,0.020017478276526182,0.9244001558990863,0.1935483870967742,COC(=O)c1cc2ccc(OCCc3nc(-c4ccc(C)cc4)oc3C)cc2oc1=O,COC(=O)c1cc2ccc(OCCc3nc(-c4ccc(OC)cc4)oc3C)cc2oc1=O
CHEMBL262_Ki_fp,830,471,0.9780651423420812,0.020017478276526182,0.9178553266214667,0.17073170731707318,CCC(Oc1cccc(CN(CCCOc2ccc(C)cc2C)c2nc3ccccc3o2)c1)C(=O)O,CC(C)(CCCOc1ccc(/C=C/c2ccc3ccccc3c2)cc1)C(=O)O
CHEMBL262_Ki_fp,471,128,0.020017478276526182,0.9814747866886501,0.9244001558990863,0.19047619047619047,Cc1ccc(-c2nc(CCCCCCO/N=C(/CCC(=O)O)c3ccccc3)c(C)o2)cc1,CC(C)(CCCOc1ccc(/C=C/c2ccc3ccccc3c2)cc1)C(=O)O
CHEMBL262_Ki_fp,479,128,0.020017478276526182,0.9814747866886501,0.9244001558990863,0.1935483870967742,CC[C@@](C)(Cc1ccc(OCCCOc2ccc(C3CCCCC3)cc2Cl)cc1)C(=O)O,CC(C)(CCCOc1ccc(/C=C/c2ccc3ccccc3c2)cc1)C(=O)O
CHEMBL262_Ki_fp,827,471,0.9656247009711713,0.020017478276526182,0.8941730196122805,0.15853658536585366,Cc1oc(-c2ccccc2)nc1COc1ccc(C[C@H]2CO[C@@](C)(C(=O)O)OC2)cc1,Cc1oc(-c2ccccc2)nc1Cc1ccc(C[C@H]2CO[C@@](C)(C(=O)O)OC2)cc1
CHEMBL262_Ki_fp,818,533,0.9660582918304177,0.0,0.9332686232143049,0.09090909090909091,CC(C)(Sc1ccc(CCN(CCCCC2CCCCC2)C(=O)Nc2cc(Cl)cc(Cl)c2)cc1)C(=O)O,CC(C)(Oc1ccc(CCO)cc1)C(=O)O
CHEMBL262_Ki_fp,703,806,0.040034955080880695,1.0,0.9215328874665669,0.14814814814814814,CCCCCOC(=O)c1ccc(NC(=O)c2cccc(NC(=O)c3ccccc3C(=O)O)c2)cc1,O=C(O)c1cccc(NC(=O)c2ccccc2NC(=O)c2ccc3c(c2)OCO3)c1
CHEMBL236_Ki_fp,947,1898,0.0,0.994715647027904,0.9894592184421414,0.3188405797101449,COc1cc(C)c(S(=O)(=O)N[C@@H](Cc2cccc(C(=N)N)c2)C(=O)N2CCC(C)CC2)c(C)c1C,COC(=O)[C@H](Cc1cccc(C(=N)N)c1)[C@@H](C)NC(=O)c1ccc(-c2cccc(CN(C)C)c2)cc1
CHEMBL236_Ki_fp,2240,433,0.0031133618208246086,1.0,0.9937829693801783,0.19767441860465115,Cc1cc(C)c(S(=O)(=O)N[C@@H](Cc2cccc(C(=N)N)c2)C(=O)N2CCC(C)CC2)c(C)c1,COC(=O)[C@H](Cc1cccc(C(=N)N)c1)[C@@H](C)NC(=O)c1ccc(-c2cccc(CN(C)C)c2)cc1
CHEMBL236_Ki_fp,1719,1394,0.014018853333503313,1.0,0.9721588215817797,0.5042735042735043,CC(C)c1cc(S(=O)(=O)N[C@H](CO)C(=O)NCC(=O)NCc2ccc(C(=N)N)cc2)cc(C(C)C)c1C(C)C,C[C@H](NCc1ccc(C(=N)N)cc1)C(=O)[C@@H](CCCNC(=N)N)NS(=O)(=O)Cc1ccccc1
CHEMBL236_Ki_fp,1718,1394,0.013844578756551805,1.0,0.9725025148478429,0.5042016806722689,CS(=O)(=O)N[C@@H](C(=O)N1CCC[C@H]1C(=O)NCc1csc(CN)c1)C(c1ccccc1)c1ccccc1,NCc1ccc(Cl)cc1CNC(=O)[C@@H]1CCCN1C(=O)[C@@H](CCc1cccc[n+]1[O-])NCC(=O)O
CHEMBL236_Ki_fp,2255,71,0.012453752326747022,0.9936938716484414,0.9628321717664526,0.19047619047619047,N=C(N)c1ccc(NC(=O)c2cc([N+](=O)[O-])ccc2O)cc1,N=C(N)c1ccc(O)c(/C=C/CNC(=O)c2ccc(-c3ccnc(C(N)=O)c3)cc2)c1
CHEMBL236_Ki_fp,2253,1224,0.013093063423631956,0.9858776981597321,0.9463099455786483,0.22340425531914893,Cc1ccc(NS(=O)(=O)Cc2ccccc2)c(=O)n1CC(=O)NC1CCc2n[nH]cc2C1,CC(C)N1CCC(NC(=O)c2cc3ccccc3n2CC(=O)Nc2ccc(Cl)cn2)CC1
CHEMBL236_Ki_fp,2234,1898,0.01654787590704679,0.994715647027904,0.9568121884595454,0.18181818181818182,NCCCC[C@H](NC(=O)OCc1ccccc1)C(=O)c1noc(Cc2ccc(C(=O)NC3Cc4ccccc4C3)cc2)n1,CC1(C)C2CC1[C@]1(C)OB(C(Cc3ccccc3)NC(=O)[C@@H]3CCCN3C(=O)[C@H](Cc3ccccc3)NC(=O)OCc3ccccc3)O[C@@H]1C2
CHEMBL236_Ki_fp,2243,1846,0.01753599706044093,0.9955427999189929,0.956497306437606,0.20869565217391303,NCCC(=O)Nc1cccc(S(=O)(=O)N[C@@H](Cc2cccc(CN)c2)C(=O)N2CCC(CCN)CC2)c1,N=C(N)c1cccc(C[C@H](NS(=O)(=O)c2cccc(C3CCC(N)=NC3)c2)C(=O)N2CCC(CCN)CC2)c1
CHEMBL236_Ki_fp,862,1602,0.02341635525050151,0.9917178932213844,0.937607868436777,0.46987951807228917,Nc1ccc(CNC(=O)[C@@H]2CCCN2C(=O)[C@H](N)C(c2ccccc2)c2ccccc2)cn1,NCc1ccc(Cl)cc1CNC(=O)[C@@H]1CCCN1C(=O)[C@@H](CCc1cccc[n+]1[O-])NCC(=O)O
CHEMBL236_Ki_fp,1121,433,0.026139800794069176,1.0,0.9484036875974152,0.2676056338028169,O=C(Nc1cccc(OCc2ccc(F)cc2)c1)C1CCN(c2ncccn2)CC1,O=C(Nc1ccccc1C(=O)Nc1ccc(F)cn1)c1ccc(-n2ccccc2=O)cc1
CHEMBL244_Ki_fp,33,605,0.0,1.0,1.0,0.3488372093023256,CN1CCN(S(=O)(=O)c2ccc(-c3cnc(N)c(C(=O)Nc4ncns4)n3)cc2)CC1,Cc1nnc(-c2ccccc2)c(C#N)n1
CHEMBL244_Ki_fp,42,605,0.003999998728615685,1.0,0.9920160025325976,0.3625,Cc1nnc(-c2ccccc2)c(C#N)n1,CN1CCN(S(=O)(=O)c2ccc(-c3cnc(N)c(C(=O)Nc4ncns4)n3)cc2)CC1
CHEMBL244_Ki_fp,153,2666,0.0,0.9707743928643525,0.942402921841152,0.345679012345679,CN1CCN(S(=O)(=O)c2ccc(-c3cnc(N)c(C(=O)Nc4cccnc4)n3)c(C(F)(F)F)c2)CC1,Cc1cc(-c2ccc3c(c2)CNC3=O)ccc1F
CHEMBL244_Ki_fp,1277,1784,0.0,0.9946255707199397,0.9892800259299661,0.37894736842105264,COc1ccc(C2=NNC(=O)/C2=N\Nc2cccc(OC)c2)cc1,COC(=O)c1csc2ccc(=O)[nH]c12
CHEMBL244_Ki_fp,462,989,0.0008729610804901437,0.9750122526783401,0.9489473594347609,0.3235294117647059,CN1CCN(S(=O)(=O)c2ccc(-c3cnc(N)c(C(=O)Nc4cccnc4)n3)c(F)c2)CC1,Cc1cc(-c2ccc3c(c2)CNC3=O)ccc1F
CHEMBL244_Ki_fp,799,1347,0.0008729610804901437,1.0,0.9982548399000679,0.22,Cc1cc(-c2ccc3c(c2)CNC3=O)ccc1F,COc1ccc(C2=NNC(=O)/C2=N\Nc2cccc(OC)c2)cc1
CHEMBL244_Ki_fp,1671,414,0.0,0.984163750790475,0.9685782883699762,0.24778761061946902,COC(=O)c1csc2ccc(=O)[nH]c12,COc1ccc(C2=NNC(=O)/C2=N\Nc2cccc(OC)c2)cc1
CHEMBL244_Ki_fp,2289,2287,0.00724243453088897,0.8000000000000003,0.628464557608512,0.5529411764705883,Cc1cc(S(=O)(=O)N2CCN(C)CC2)c(C)cc1-c1cnc(N)c(C(=O)Nc2cccnc2)n1,Cc1cc(-c2ccc3c(c2)CNC3=O)ccc1F
CHEMBL244_Ki_fp,352,1784,0.005374429280060389,0.9946255707199397,0.9786178208401044,0.35555555555555557,Nc1ncc(-c2ccc(S(=O)(=O)N3CCOCC3)cc2)nc1C(=O)Nc1cccnc1,Cc1nnc(-c2ccccc2)c(C#N)n1
CHEMBL244_Ki_fp,2772,2234,0.007620905266430092,1.0,0.9848162676642199,0.2375,CC(=O)c1ccccc1-c1ncnc2[nH]ccc12,CN1CCN(S(=O)(=O)c2ccc(-c3cnc(N)c(C(=O)Nc4ncns4)n3)cc2)CC1
CHEMBL2147_Ki_fp,518,728,0.0,0.9763909942679202,0.9533393736874978,0.23529411764705882,Nc1nc(N2CCNCC2)c2cc(-c3ccc(F)cc3)[nH]c2n1,FC(F)(F)c1cccc(N2CCC(Cc3c[nH]cn3)CC2)c1
CHEMBL2147_Ki_fp,444,1022,0.0,0.9973543468532491,0.9947156931870711,0.1527777777777778,CN1CCN(C(=O)c2cc3cccnc3[nH]2)CC1,CNCc1cc(C(=O)N2CCN(C(C)C)CC2)ccc1Oc1cccc(OC)c1
CHEMBL2147_Ki_fp,148,728,0.020000003797061225,0.9763909942679202,0.9146837266538308,0.25757575757575757,O=C(NCCc1ccc(OCCN2CCOCC2)c(Br)c1)c1ccc(Br)o1,c1cc(OCCCN2CCCCC2)ccc1CN1CCOCC1
CHEMBL2147_Ki_fp,601,811,0.020000003797061225,0.9933152489026102,0.9473425663548745,0.1839080459770115,CN1CCN(C(=O)c2cn3cc(Cl)ccc3n2)CC1,CC(C)N1CCN(C(=O)c2ccc(CN3CCCC3)cc2)CC1
CHEMBL2147_Ki_fp,307,766,0.020000003797061225,0.9841290002813575,0.9295447218618166,0.19736842105263158,O=C(NCCc1ccc(OCCN2CCOCC2)c(Br)c1)c1ccc[nH]1,c1cc(OCCCN2CCCCC2)ccc1CN1CCOCC1
CHEMBL2147_Ki_fp,191,919,0.020000003797061225,0.9943479181775556,0.9493538582576199,0.18309859154929578,CN(C)CCNC(=O)c1nc2cc(Cl)ccc2[nH]1,CN(C)CCC(Oc1cccc(Cl)c1)c1ccc(OCCCN2CCCCC2)cc1
CHEMBL2147_Ki_fp,383,896,0.020000003797061225,0.9986872460995225,0.9578287182455961,0.14285714285714285,Cn1cnc(CCN)c1,N=C(N)SCCc1c[nH]cn1
CHEMBL2147_Ki_fp,250,45,0.020000003797061225,0.9908485018878651,0.9425468062451696,0.18461538461538463,Cn1cccc1C(=O)NCCc1ccc(OCCN2CCOCC2)c(Br)c1,c1cc(OCCCN2CCCCC2)ccc1CN1CCOCC1
CHEMBL2147_Ki_fp,534,1455,0.040000006123235926,0.9908485018878651,0.904112861897858,0.24050632911392406,CN1C[C@H]2CN(C(=O)c3nc4cc(F)c(F)cc4[nH]3)C[C@H]2C1,CC(C)N1CCC(Oc2ccc3c(c2)cc(C(=O)N2CCC(F)(F)CC2)n3-c2ccc(Cl)c(Cl)c2)CC1
CHEMBL2147_Ki_fp,186,765,0.040000006123235926,0.9982799656476165,0.9183004808260485,0.1518987341772152,CN1C[C@H]2CN(C(=O)c3nc4cc(F)ccc4[nH]3)C[C@H]2C1,CNCc1cc(C(=O)N2CCCN(C3CC3)CC2)ccc1Oc1cccc(F)c1
CHEMBL237_Ki_fp,1104,1131,0.0,0.7962733768772412,0.6340512907234847,0.5846153846153846,O=C(Nc1ccncc1)c1ccc(Cl)cc1Cl,O=C(Nc1cn(CC(=O)N2CCNCC2)nc1-c1cc(Cl)ccc1OC(F)F)c1cnn2cccnc12
CHEMBL237_Ki_fp,764,467,0.025035666072967065,1.0,0.950555452429783,0.3088235294117647,CN(c1ncnc2c(=O)[nH]ccc12)C1CCCC1,C[C@@H]1CCN(C(=O)CC#N)C[C@@H]1N(C)c1ncnc2[nH]ccc12
CHEMBL237_Ki_fp,2319,1008,0.034794557996106715,0.9846090726683143,0.9021476122820012,0.4647887323943662,CCOC(=O)[C@H]1CCC[C@H]1Nc1ncnc2c(=O)[nH]ccc12,N#C[C@H]1CCC[C@H]1Nc1nc(-c2cn[nH]c2)nc2c(=O)[nH]ccc12
CHEMBL237_Ki_fp,1105,1130,0.04908703484571278,0.816016526574155,0.5881808452828468,0.5606060606060606,O=C(Nc1ccncc1)c1c(F)cccc1F,CCN1CC2CN(C(=O)Cn3cc(NC(=O)c4c(N)nn5cccnc45)c(-c4cc(Cl)ccc4OC(F)F)n3)CC2C1
CHEMBL237_Ki_fp,2321,1008,0.07044310534643775,0.9846090726683143,0.8356994158095422,0.44594594594594594,CC(=O)Nc1cc(NC(=O)c2c(Cl)cccc2Cl)ccn1,CN1CCCC(n2cc(NC(=O)c3c(N)nn4cccnc34)c(-c3cc(Cl)ccc3OC(F)F)n2)CC1
CHEMBL237_Ki_fp,1553,22,0.07945841349556453,0.9838686721280651,0.8179579159197068,0.2882882882882883,O=c1[nH]ccc2c(OC3CCCC3)ncnc12,OCc1nc2cnc3[nH]ccc3c2n1C1CCCCC1
CHEMBL237_Ki_fp,762,2347,0.09918480770559211,0.9973050500922913,0.8066199697847435,0.2318840579710145,COC(=O)Nc1cc(NC(=O)c2c(Cl)cccc2Cl)ccn1,CN1CCCC(n2cc(NC(=O)c3c(N)nn4cccnc34)c(-c3cc(Cl)ccc3OC(F)F)n2)CC1
CHEMBL237_Ki_fp,2320,1008,0.11294025126075642,0.9846090726683143,0.7598065342140412,0.44594594594594594,CCC(=O)Nc1cc(NC(=O)c2c(Cl)cccc2Cl)ccn1,CCN1CC2CN(C(=O)Cn3cc(NC(=O)c4c(N)nn5cccnc45)c(-c4cc(Cl)ccc4OC(F)F)n3)CC2C1
CHEMBL237_Ki_fp,1699,164,0.11944885868782547,0.9935791375381071,0.7641037444028713,0.26153846153846155,O=C(Nc1ccncc1)c1c(Cl)cccc1Cl,CCN1CC2CN(C(=O)Cn3cc(NC(=O)c4c(N)nn5cccnc45)c(-c4cc(Cl)ccc4OC(F)F)n3)CC2C1
CHEMBL237_Ki_fp,768,149,0.12512535665936725,0.9935791375381071,0.7542119695225782,0.265625,O=C(Nc1ccncc1)c1cc(Cl)ccc1Cl,O=C(Nc1cn(CC(=O)N2CCNCC2)nc1-c1cc(Cl)ccc1OC(F)F)c1cnn2cccnc12
CHEMBL235_EC50_fp,632,1276,1.0,0.059824658324619306,0.8839296730944189,0.56,C[C@@H](N)Cc1ccccc1,C[C@H](Cc1ccccc1)N(C)CCCc1ccccc1
CHEMBL235_EC50_fp,436,463,1.0,0.20390842154478,0.6337618012873237,0.704225352112676,CN1CCN(CCn2ncc3c(NC(=O)C(C)(C)C)ncnc32)CC1,CC(C)(C)C(=O)Nc1ncnc2c1cnn2CCN1CCCCCC1
CHEMBL235_EC50_fp,1643,1276,1.0,0.059824658324619306,0.8839296730944189,0.4444444444444444,COc1ccc(-c2ncnc3c2cnn3CCN2CCCCC2)cn1,Cc1nc(-c2ccc(Cl)cc2)nc(OCCCN2CCCCC2)c1Cl
CHEMBL235_EC50_fp,787,1276,1.0,0.059824658324619306,0.8839296730944189,0.42857142857142855,C[C@]12C[C@H](O)[C@H]3[C@@H](CCC4=CC(=O)CC[C@@]43C)[C@@H]1CC[C@@H]2C(=O)CO,CCN(CC)CCO[C@H]1CC[C@@]2(C)C(=CC[C@H]3[C@@H]4CCC(=O)[C@@]4(C)CC[C@@H]32)C1
CHEMBL235_EC50_fp,226,84,0.9989853573872792,0.22399995133986692,0.6006023795864729,0.7638888888888888,O=C(Nc1ncnc2c1cnn2CCN1CCCC1)C1CC1,O=C(Nc1ncnc2c1cnn2CCN1CCCCCC1)C1CCCC1
CHEMBL235_EC50_fp,1114,1276,1.0,0.059824658324619306,0.8839296730944189,0.40229885057471265,CNC1CCN(c2ncnc3c2cnn3CCN2CCCCC2)C1,Cc1nc(-c2ccc(Cl)cc2)nc(OCCCN2CCCCC2)c1Cl
CHEMBL235_EC50_fp,1118,1276,1.0,0.059824658324619306,0.8839296730944189,0.3953488372093023,N=C(NCc1ccccc1)Nc1nc(-c2cc3ccccc3[nH]2)cs1,CN(CCCNC(=O)c1ccc(Cl)c(Cl)c1)Cc1ccccc1
CHEMBL235_EC50_fp,1106,1276,1.0,0.059824658324619306,0.8839296730944189,0.40476190476190477,c1coc(-c2ncnc3c2cnn3CCN2CCCCC2)n1,Cc1nc(-c2ccc(Cl)cc2)nc(OCCCN2CCCCC2)c1Cl
CHEMBL235_EC50_fp,1512,1276,1.0,0.059824658324619306,0.8839296730944189,0.33707865168539325,COC1Cc2ccccc2C2(CCNCC2)O1,COC1Cc2ccccc2C2(CCN(Cc3ccccc3)CC2)O1
CHEMBL235_EC50_fp,1112,1276,1.0,0.059824658324619306,0.8839296730944189,0.43902439024390244,Nc1ncnc2c1cnn2CCN1CCCCC1,Cc1nc(-c2ccc(Cl)cc2)nc(OCCCN2CCCCC2)c1Cl
CHEMBL3979_EC50_fp,877,899,0.0,0.9913628334576803,0.9828002675612403,0.24752475247524752,O=c1[nH]c2ccc(Cl)cc2c2ncnn12,Nc1ccn2ncc(C(=O)Nc3ccnn3-c3cc(Cl)ccc3Cl)c2n1
CHEMBL3979_EC50_fp,896,899,0.017521687458800346,0.9913628334576803,0.9483665776404118,0.8428571428571429,Fc1ccc(-c2ccc3nccn3n2)cn1,CC(C)c1cc(-c2cccn3nc(Nc4ccc(C(=O)O)cc4)nc23)ccn1
CHEMBL3979_EC50_fp,893,899,0.018412763057706706,0.9913628334576803,0.9466318394913134,0.7972972972972973,O=C1NCc2ccc(-c3ccc(Cl)cc3)cc21,COc1ccc(Cl)cc1-c1c(NC(=O)c2cnn3cccnc23)cnn1CCO
CHEMBL3979_EC50_fp,891,897,0.020404528031164007,1.0,0.9596072887018463,0.7605633802816901,Nc1ncnc2c1N=C(c1ccccc1)CCN2,Oc1ccc(C2Nc3ccccc3-c3ncnc4[nH]cc2c34)c(F)c1
CHEMBL3979_EC50_fp,892,899,0.02225401382146939,0.9913628334576803,0.9391719042966898,0.9142857142857143,O=C1CN=C(c2ccc(F)cc2)c2cn[nH]c2N1,Oc1ccc(C2Nc3ccccc3-c3ncnc4[nH]cc2c34)c(F)c1
CHEMBL3979_EC50_fp,890,897,0.02395145142858244,1.0,0.9526707691683706,0.7941176470588235,COC(=O)c1c(N)nc2ccccn12,Cn1cc(NC(=O)c2cnn3ccc(N)nc23)c(-c2cccc(Cl)c2)n1
CHEMBL3979_EC50_fp,1019,1024,0.0429439824957307,0.8636980121623296,0.6736371772139602,0.8909090909090909,NC(=O)c1cc(-c2cccs2)n2nccc2n1,Cc1nc(-c2cccc(Cl)c2)c(NC(=O)c2cnn3ccc(N)nc23)s1
CHEMBL3979_EC50_fp,706,890,1.0,0.02395145142858244,0.9526707691683706,0.3655913978494624,O=c1[nH]c2cc(Br)cnc2[nH]1,N#CCOc1ccc(Nc2nc(Nc3cccc(S(N)(=O)=O)c3)ncc2Br)cc1
CHEMBL3979_EC50_fp,897,890,1.0,0.02395145142858244,0.9526707691683706,0.7941176470588235,COc1ccc(-c2ccc(N)cc2)c2cnoc12,COc1ccc(Cl)cc1-c1c(NC(=O)c2cnn3cccnc23)cnn1CCO
CHEMBL3979_EC50_fp,733,890,1.0,0.02395145142858244,0.9526707691683706,0.37777777777777777,Nc1nc(=O)[nH]c2sccc12,CCc1nc(N[C@@H]2CCC[C@@H]2C#N)c2cc[nH]c(=O)c2n1
CHEMBL4792_Ki_fp,244,478,1.0,0.050204949731367826,0.9021106375147934,0.43529411764705883,Cc1nc(-c2cccc(Cl)c2)sc1C(=O)N[C@H]1CCCN(c2cccc(C(=O)O)c2)C1,Cc1cc(SC(Cc2c(Cl)cccc2Cl)c2sc(-c3ccc(C(F)(F)F)cc3)nc2C)ccc1OCC(=O)O
CHEMBL4792_Ki_fp,774,478,1.0,0.050204949731367826,0.9021106375147934,0.5625,Cc1cc(SC(Cc2c(F)cccc2F)c2sc(-c3ccc(C(F)(F)F)cc3)nc2C)ccc1OCC(=O)O,Cc1cc(SC(Cc2c(Cl)cccc2Cl)c2sc(-c3ccc(C(F)(F)F)cc3)nc2C)ccc1OCC(=O)O
CHEMBL4792_Ki_fp,118,211,1.0,0.08370271604267718,0.8396007125875669,0.3924050632911392,Cc1cc(SC(Cc2c(F)cccc2C(F)(F)F)c2sc(-c3ccc(C(F)(F)F)cc3)nc2C)ccc1OCC(=O)O,Cc1cc(SC(Cc2c(Cl)cccc2Cl)c2sc(-c3ccc(C(F)(F)F)cc3)nc2C)ccc1OCC(=O)O
CHEMBL4792_Ki_fp,121,211,1.0,0.08370271604267718,0.8396007125875669,0.34523809523809523,Cc1cc(SC(CC2CC2)c2sc(-c3ccc(C(F)(F)F)cc3)nc2C)ccc1OCC(=O)O,CCCCC(Sc1ccc(OCC(=O)O)c(C)c1)c1sc(-c2ccc(C(F)(F)F)cc2)nc1C
CHEMBL4792_Ki_fp,895,1024,0.9892345955138978,0.05891653111289279,0.8654917009508326,0.38461538461538464,Cc1cc(SC(Cc2c(F)cccc2Cl)c2sc(-c3ccc(C(F)(F)F)cc3)nc2C)ccc1OCC(=O)O,Cc1cc(SC(Cc2c(Cl)cccc2Cl)c2sc(-c3ccc(C(F)(F)F)cc3)nc2C)ccc1OCC(=O)O
CHEMBL4792_Ki_fp,1470,118,0.0,1.0,1.0,0.16304347826086957,Cc1cc(SC(CC(C)C)c2sc(-c3ccc(C(F)(F)F)cc3)nc2C)ccc1OCC(=O)O,CCCCC(Sc1ccc(OCC(=O)O)c(C)c1)c1sc(-c2ccc(C(F)(F)F)cc2)nc1C
CHEMBL4792_Ki_fp,1446,478,0.9892345955138978,0.050204949731367826,0.8817766756584635,0.5316455696202531,Cc1cc(SC(Cc2cc(F)c(F)c(F)c2)c2ccc(-c3ccccc3)cc2)ccc1OCC(=O)O,Cc1cc(SC(Cc2cc(F)c(F)c(F)c2)c2ccc(-c3ccc(F)cc3)cc2)ccc1OCC(=O)O
CHEMBL4792_Ki_fp,250,478,0.9892345955138978,0.050204949731367826,0.8817766756584635,0.5443037974683544,Cc1cc(OCc2nc(-c3ccc(C(=O)N(C)C(C)C)cc3)c(-c3ccc(OC(F)(F)F)cc3)o2)ccc1OCC(=O)O,Cc1cc(SC(CC(C)C)c2sc(-c3ccc(C(F)(F)F)cc3)nc2C)ccc1OCC(=O)O
CHEMBL4792_Ki_fp,232,478,0.9892345955138978,0.050204949731367826,0.8817766756584635,0.4418604651162791,CCCCC(Sc1ccc(OCC(=O)O)c(C)c1)c1sc(-c2ccc(C(F)(F)F)cc2)nc1C,Cc1cc(SC(CC(C)C)c2sc(-c3ccc(C(F)(F)F)cc3)nc2C)ccc1OCC(=O)O
CHEMBL4792_Ki_fp,161,1007,0.9902615070661863,0.05891653111289279,0.867403464233441,0.3875,Cc1cc(OCc2nc(-c3cnc(OC(C)C)nc3)c(-c3ccc(OC(F)(F)F)cc3)o2)ccc1OCC(=O)O,Cc1cc(SC(CC(C)C)c2sc(-c3ccc(C(F)(F)F)cc3)nc2C)ccc1OCC(=O)O
CHEMBL1862_Ki_fp,268,494,0.0,1.0,1.0,0.18032786885245902,c1cnc(Nc2cccc3n[nH]cc23)c(-c2ncnc3nc[nH]c23)c1,COc1ncc(Nc2ncc([C@@H](C)N3CCN(S(C)(=O)=O)CC3)cc2-c2nc(C)nc3[nH]cnc23)cc1F
CHEMBL1862_Ki_fp,201,695,0.0,1.0,1.0,0.19402985074626866,C[C@H]1CN(c2nc(-c3cnc(N)cc3C(F)F)nc(N3C[C@H](C)O[C@H](C)C3)n2)C[C@@H](C)O1,C[C@H]1COCCN1c1nc(-c2cnc(N)nc2C(F)F)nc(N2CCOCC2)n1
CHEMBL1862_Ki_fp,279,718,0.0,1.0,1.0,0.12987012987012986,Cc1nc2ccc(Cl)cc2c(N2CC(C)(C)c3ccc(-c4cn[nH]c4)cc32)c1C,Cc1ccc(S(C)(=O)=O)c(-c2nc3cc(F)cc(F)c3c(N3CC(C)(C)c4ncc(N5CCOCC5)cc43)c2C)c1
CHEMBL1862_Ki_fp,323,643,0.020000003797061225,1.0,0.9603999925577602,0.2318840579710145,CC1(C)CN(c2nc(-c3cnc(N)cc3C(F)F)nc(N3CCOC(C)(C)C3)n2)CCO1,C[C@H]1COCCN1c1nc(-c2cnc(N)nc2C(F)F)nc(N2CCOCC2)n1
CHEMBL1862_Ki_fp,366,494,0.020000003797061225,1.0,0.9603999925577602,0.23214285714285715,COc1cc2nc(C)c(C)c(N3CC4(CCOCC4)c4ccc(C#N)cc43)c2cc1Cl,Cc1c(-c2ccccn2)nc2cc(F)ccc2c1N1CC2(CCS(=O)(=O)CC2)c2ccc(N3CCOCC3)cc21
CHEMBL1862_Ki_fp,223,435,0.020000003797061225,1.0,0.9603999925577602,0.22580645161290322,CCNC(=O)Nc1ccc(-c2nc(N3CCOC[C@@H]3C)c3c(n2)nc(C(C)(C)O)n3C)cc1,CS(=O)(=O)C1CCN(Cc2cc3c(N4CCOCC4)nc(-c4cnc(N)nc4)nc3s2)CC1
CHEMBL1862_Ki_fp,177,434,0.020000003797061225,1.0,0.9603999925577602,0.16071428571428573,CC(=O)Nc1nc2ccc(-c3ccnc(Nc4ccccc4)n3)cc2s1,CC(=O)Nc1nc2ccc(-c3cnc(Cl)c(NS(=O)(=O)c4ccccc4)c3)cc2s1
CHEMBL1862_Ki_fp,188,435,0.020000003797061225,1.0,0.9603999925577602,0.16666666666666666,O=c1cc(N2CCOCC2)oc2c(-c3ccccc3)cccc12,CS(=O)(=O)c1cccc(-c2cc3c(N4CCOCC4)nc(-c4cnc(N)nc4)nc3s2)c1
CHEMBL1862_Ki_fp,205,494,0.040000006123235926,1.0,0.9215999882433872,0.2545454545454545,CCNC(=O)Nc1ccc(-c2nc(N3CCOC[C@@H]3CC)c3c(n2)c(C)nn3C)cc1,CS(=O)(=O)N1CCN(Cc2cc3c(N4CCOCC4)nc(-c4cnc(N)nc4)nc3s2)CC1
CHEMBL1862_Ki_fp,320,437,0.040000006123235926,1.0,0.9215999882433872,0.16923076923076924,COc1ccccc1-c1cc(N2CC(C)(C)c3ccc(N4CCOCC4)cc32)c2cc(Cl)ccc2n1,Cc1c(-c2ccccn2)nc2cc(F)ccc2c1N1CC2(CCS(=O)(=O)CC2)c2ccc(N3CCOCC3)cc21
CHEMBL1871_Ki_fp,559,607,0.0,1.0,1.0,0.10059171597633136,NC1CCC(Nc2nc(Cl)cc(-c3c[nH]c4ncccc34)n2)CC1,Nc1n[nH]c2c(-c3ccccc3)cccc12
CHEMBL1871_Ki_fp,568,607,0.13357614970004975,1.0,0.7506902883685909,0.09615384615384616,NC(COc1cncc(-c2ccc3cnccc3c2)c1)Cc1c[nH]c2ccccc12,Nc1nccc2nc(-c3ccccc3)cn12
CHEMBL1871_Ki_fp,554,607,0.14089728063705054,1.0,0.7380574824168149,0.08843537414965986,CC(Nc1cncc(-n2cnc3ccc(C#N)cc32)n1)c1ccccc1F,Cc1nnc(-c2ccccc2)c(C#N)n1
CHEMBL1871_Ki_fp,560,607,0.14885580306170393,1.0,0.7244464439817371,0.10059171597633136,CNCC(=O)NC1CCC(Nc2nc(Cl)cc(-c3c[nH]c4ncccc34)n2)CC1,Nc1n[nH]c2c(-c3ccccc3)cccc12
CHEMBL1871_Ki_fp,567,607,0.15757337804458094,1.0,0.7096826133792186,0.09740259740259741,N#Cc1ccc(C(=O)Nc2n[nH]c3ccc(-c4cn(Cc5ccccc5)nn4)cc23)cc1,Cc1nnc(-c2ccccc2)c(C#N)n1
CHEMBL1871_Ki_fp,433,607,0.16421107884050684,1.0,0.6985431207329498,0.1368421052631579,Nc1n[nH]c2c(-c3ccccc3)cccc12,NC1CCC(Nc2nc(Cl)cc(-c3c[nH]c4ncccc34)n2)CC1
CHEMBL1871_Ki_fp,607,559,1.0,0.0,1.0,0.10059171597633136,Nc1nccc2nc(-c3ccccc3)cn12,NC(COc1cncc(-c2ccc3cnccc3c2)c1)Cc1c[nH]c2ccccc12
CHEMBL1871_Ki_fp,354,18,0.16831443246006986,0.979871971857009,0.6586256397520142,0.2077922077922078,Cc1nnc(-c2ccccc2)c(C#N)n1,CC(Nc1cncc(-n2cnc3ccc(C#N)cc32)n1)c1ccccc1F
CHEMBL1871_Ki_fp,365,559,1.0,0.0,1.0,0.08,Cc1ccccc1-c1cccc2nccn12,CC(Nc1cncc(-n2cnc3ccc(C#N)cc32)n1)c1ccccc1F
CHEMBL1871_Ki_fp,446,559,0.991282425017123,0.0,0.9826408461478282,0.05405405405405406,Nc1cc(-c2c[nH]c3ncccc23)cc(Cl)n1,Nc1n[nH]c2c(-c3ccccc3)cccc12
CHEMBL234_Ki_fp,3581,1222,0.0,0.9588573836575395,0.9194074821945819,0.5645161290322581,CCC(Oc1ccccc1)C(=O)N(C[C@H]1CCCN1)c1ccc(CC#N)cc1,CC[C@H](C)[C@@H]1NCCOc2ccccc2CCCNC(=O)[C@@H](Cc2ccc(OC)cc2)NC(=O)[C@@H](C)N(C)C1=O
CHEMBL234_Ki_fp,1680,348,0.007358535736260599,0.9977168518049736,0.9808095942064561,0.391304347826087,CC(Oc1ccccc1)C(=O)N(C[C@H]1CCCN1)c1ccc(CC#N)cc1,COc1ccc(C[C@@H]2NC(=O)C3(CCCC3)NC(=O)[C@H](CC(C)C)NCCOc3ccccc3/C=C\CNC2=O)cc1
CHEMBL234_Ki_fp,545,2090,0.01573908225547425,0.9837137650715742,0.9369749865729292,0.26436781609195403,CCCC[C@H](N)C(=O)N[C@H](C(=O)N1CCC[C@H]1C(=O)N[C@@H](Cc1ccccc1)C(=O)N[C@@H](Cc1c[nH]c2ccccc12)C(=O)N[C@@H](CCCNC(=N)N)C(N)=O)[C@@H](C)O,CCCCCCCC(=O)OC[C@H](NC(=O)CNC(=O)[C@@H](N)CCCNC(=N)N)C(=O)N[C@@H](CO)C(=O)N[C@@H](Cc1ccccc1)C(=O)N[C@@H](CC(C)C)C(=O)N[C@@H](CO)C(=O)N1CCC[C@H]1C(=O)N[C@@H](CCC(=O)O)C(=O)N[C@@H](Cc1cnc[nH]1)C(=O)N[C@@H](CCC(N)=O)C(=O)N[C@@H](CCCCN)C(=O)N[C@@H](C)C(=O)N[C@@H](CCC(N)=O)C(=O)N[C@@H](CCC(N)=O)C(=O)N[C@@H](CCCNC(=N)N)C(=O)N[C@@H](CCCCN)C(=O)N[C@@H](CCC(=O)O)C(=O)N[C@@H](CO)C(=O)N[C@@H](CCCCN)C(=O)N[C@@H](CCCCN)C(=O)N1CCC[C@H]1C(=O)N1CCC[C@H]1C(=O)N[C@@H](C)C(=O)N[C@@H](CCCCN)C(=O)N[C@@H](CC(C)C)C(=O)N[C@@H](CCC(N)=O)C(=O)N1CCC[C@H]1C(=O)O
CHEMBL234_Ki_fp,1073,2439,0.017215594959260214,1.0,0.965865186791281,0.25,COc1c(-c2ccccc2)cccc1N(C[C@H]1CCCN1)C(=O)COc1ccccc1,Cc1ccc2[nH]c(C(=O)N[C@H]3CN(S(=O)(=O)c4ccccc4)C[C@@H]3C(=O)NC[C@H]3CCCN3)cc2c1
CHEMBL234_Ki_fp,2018,1127,0.03958375946433674,0.9794285264239191,0.8833081859813118,0.20588235294117646,CC(C)(N)C(=O)N[C@H](COCc1ccccc1)c1nnn(CCc2ccccc2NS(C)(=O)=O)n1,CC(C)(N)C(=O)N[C@H](COCc1ccccc1)c1nnnn1CCOC(=O)N1CC[C@@H](O)C1
CHEMBL234_Ki_fp,1074,2439,0.04907629224715155,1.0,0.9042558979664248,0.2345679012345679,COc1cccc(N(C[C@H]2CCCN2)C(=O)C(C)Oc2ccccc2)c1,COc1ccc(C[C@@H]2NC(=O)C3(CCCC3)NC(=O)[C@H](CC(C)C)NCCOc3ccccc3/C=C\CNC2=O)cc1
CHEMBL234_Ki_fp,3133,3607,0.05569613394765189,0.9986499443054022,0.8891618884682003,0.16216216216216217,CCC(Oc1ccccc1)C(=O)N(C[C@H]1CCCN1)c1ccc(NC(C)=O)cc1,Cc1ccc2[nH]c(C(=O)N[C@H]3CN(S(=O)(=O)c4ccccc4)C[C@@H]3C(=O)NC[C@H]3CCCN3)cc2c1
CHEMBL234_Ki_fp,527,2090,0.06795189644060465,0.9837137650715742,0.8386198000384851,0.25925925925925924,CC(C)C[C@H](N)c1cc(C(F)(F)F)ccc1N1CCN(C(=O)[C@@H](Cc2ccc(Cl)cc2)N2CCCC2=O)CC1,CC(C)C[C@@H]1NCCOc2ccccc2/C=C\CNC(=O)[C@H](Cc2ccc(Cl)cc2)NC(=O)C2(CCCC2)NC1=O
CHEMBL234_Ki_fp,145,2439,0.0706185716254529,1.0,0.8637498394075136,0.2682926829268293,COC(=O)C(c1ccccc1)n1nnc([C@@H](COCc2ccccc2)NC(=O)C(C)(C)N)n1,CC(C)(N)C(=O)N[C@H](COCc1ccccc1)c1nnnn1CCOC(=O)N1CC[C@@H](O)C1
CHEMBL234_Ki_fp,246,2835,0.07620332660183657,0.993125302249938,0.8407459094264172,0.22535211267605634,CC(C)(N)C(=O)N[C@H](COCc1ccccc1)c1nnn(CC(C#N)Cc2ccccc2)n1,CC(C)(N)C(=O)N[C@H](COCc1ccccc1)c1nnnn1CCOC(=O)N1CC[C@@H](O)C1
CHEMBL204_Ki_fp,2652,2407,0.0,0.9724237211768377,0.9456078935074083,0.3116883116883117,Cc1ccc(-n2nccn2)c(C(=O)N2C[C@H](Oc3cccc4ccccc34)CC[C@H]2C)c1,C[C@@H]1CC[C@@H](Oc2cc(C#N)ccn2)CN1C(=O)c1ccc(OCCO)cc1-n1nccn1
CHEMBL204_Ki_fp,2653,2192,0.11762845550674964,0.9528580399783482,0.697608458776599,0.25806451612903225,C[C@@H]1CC[C@@H](Oc2cc(C#N)ccn2)CN1C(=O)c1cc(F)ccc1-c1ncccn1,C[C@@H]1CC[C@@H](Oc2cc(C#N)ccn2)CN1C(=O)c1ccc(OCCO)cc1-n1nccn1
CHEMBL204_Ki_fp,1058,2441,0.2176725309149868,1.0,0.6120362688849622,0.28735632183908044,COCc1nc(C)ncc1OC[C@@]1(c2ccccc2)C[C@H]1C(=O)Nc1ccc(F)cn1,COc1ccc(OC[C@@]2(c3ccccc3)C[C@H]2C(=O)NC2CCCCC2)cc1OC
CHEMBL204_Ki_fp,851,547,0.21892048284466076,0.923051677040309,0.4958007386393893,0.6333333333333333,COCc1nc(C)ncc1OC[C@@]1(c2cccc(F)c2)C[C@H]1C(=O)Nc1ccc(F)cn1,COc1ccc(OC[C@@]2(c3ccccc3)C[C@H]2C(=O)NC2CCCCC2)cc1OC
CHEMBL204_Ki_fp,2600,2441,0.21698899278008846,1.0,0.6131062374275402,0.21518987341772153,C[C@@H]1CS[C@@H](COc2ccc(F)cn2)CN1C(=O)c1ccccc1-n1nccn1,Cc1nccnc1N1C[C@@H]2CCN(C(=O)c3ccccc3-n3nccn3)C[C@@H]21
CHEMBL204_Ki_fp,2023,1516,0.2176725309149868,0.9960370457900923,0.6058513180167583,0.24468085106382978,CC(/C=C/c1ccccc1)=N/Nc1nc(Nc2ccccc2)nc(-n2nc(C)cc2C)n1,COCc1nc(C)ncc1OC[C@@]1(c2ccccc2)C[C@H]1C(=O)Nc1ccc(F)cn1
CHEMBL204_Ki_fp,2022,1516,0.21698899278008846,0.9960370457900923,0.6069158688986777,0.23655913978494625,C[C@@H]1CC[C@@H](Nc2cc(C#N)ccn2)CN1C(=O)c1ccccc1-n1nccn1,C[C@@H]1CC[C@@H](Oc2cc(C#N)ccn2)CN1C(=O)c1ccc(OCCO)cc1-n1nccn1
CHEMBL204_Ki_fp,1229,2441,0.2209084335707635,1.0,0.6069836688811614,0.2708333333333333,C[C@@H]1CC[C@@H](Oc2cc(S(C)(=O)=O)ccn2)CN1C(=O)c1ccccc1-n1nccn1,C[C@@H]1CC[C@@H](Oc2cc(C#N)ccn2)CN1C(=O)c1ccc(OCCO)cc1-n1nccn1
CHEMBL204_Ki_fp,2367,2494,0.22199780238029818,0.9957169912138437,0.5986413831692396,0.4861111111111111,CC1CCC(Oc2ccnc3c(Cl)cccc23)CN1C(=O)c1ccccc1-n1nccn1,C[C@@H]1CC[C@@H](Oc2cc(C#N)ccn2)CN1C(=O)c1ccc(OCCO)cc1-n1nccn1
CHEMBL204_Ki_fp,1946,805,0.22415471653444244,0.902397789075289,0.46001366544964795,0.5223880597014925,Cc1ccc(-n2nccn2)c(C(=O)N2C[C@H](C#Cc3ccc(F)cn3)CC[C@H]2C)c1,Cc1nccnc1N1C[C@@H]2CCN(C(=O)c3cc(F)ccc3-n3nccn3)C[C@@H]21
